year,film_festival,title,director,field,award,genre,plot,rating,runtime,prodYear,actors,img_link,stills
2021,소리아 국제단편영화제,조지아,제이 박,,,"가족,범죄",병들고 가난한 부부가 딸의 억울한 죽음을 규명하기 위해 나선다. 가해자를 밝히지도 못한 채 졸속으로 마무리된 딸의 자살 사건에 경찰이 재조사를 거부하자 컴맹 부부는 재수사를 촉구하는 현수막을 직접 제작하기로 한다. 남다른 감성으로 쌓아올린 통렬한 비극. (강소원),12세관람가,29,2020,"이양희,이채경,김규남",https://ssl.pstatic.net/imgmovie/mdi/mit110/1989/198972_P05_171945.jpg,"http://file.koreafilm.or.kr/thm/01/copy/00/55/40/tn_DST704300.jpg,http://file.koreafilm.or.kr/thm/01/copy/00/55/40/tn_DST704301.jpg,http://file.koreafilm.or.kr/thm/01/copy/00/55/40/tn_DST704302.jpg,http://file.koreafilm.or.kr/thm/01/copy/00/55/40/tn_DST704303.jpg,http://file.koreafilm.or.kr/thm/01/copy/00/55/40/tn_DST704304.jpg"
2021,보고타 단편영화제,미미(美味): 궁극의 식사,한재원,경쟁부문,,"코메디,공포",미각을 잃은 미식 유튜버 성호는 어딘가 기괴한 음식점에 방문한다.,,19,2020,"김최용준,정경임,이종윤",https://ssl.pstatic.net/imgmovie/mdi/mit110/2000/200057_P00_115805.jpg,"http://file.koreafilm.or.kr/thm/01/copy/00/59/36/tn_DST746646.jpg,http://file.koreafilm.or.kr/thm/01/copy/00/59/36/tn_DST746647.jpg,http://file.koreafilm.or.kr/thm/01/copy/00/59/36/tn_DST746648.jpg,http://file.koreafilm.or.kr/thm/01/copy/00/59/36/tn_DST746649.jpg"
2021,엑상프로방스 국제단편영화제,아이즈앤혼즈,임채린,International Competition of Experimental Shorts,,기타,,,,,,https://ssl.pstatic.net/imgmovie/mdi/mit110/2050/205061_P01_163835.jpg,
2021,서울독립영화제,절해고도,김미영,페스티벌 초이스,,드라마,"절해고도. '육지에서 멀리 떨어진 바다의 외딴 섬'이라는 뜻을 지닌 제목은 삶의 표류와 고독, 혹은 미지를 담담한 자태로 그려내는 이 영화의 성찰적인 정서와 지극히 잘 어울린다. 윤철(박종환)은 조각가이지만 주로 인테리어 일을 하면서 생활을 유지한다. 그는 이혼한 아빠인데, 딸 지나(이연)는 아빠를 닮아 미술에 소질이 있지만 고등학교 생활에 적응하지 못하며 문제아로 낙인찍힌다. 한 편 윤철은 영지(강경헌)라는 매력적인 여인을 만나 늦은 나이에 사랑에 빠지게 된다.  절해고도 의 인물들은 인생의 절대적 사건 앞에서도 호들갑을 떨지 않으며, 비극적인 전환과 기습적인 변화에도 의연한 자세를 갖춘다. 신중한 연기, 유려한 구성과 촬영, 성숙한 자세 등으로 깊은 성찰의 시간을 경험케 한다. (정한석)",,116,2021,"박종환,이연,강경헌",https://ssl.pstatic.net/imgmovie/mdi/mit110/2097/209725_P01_134325.jpg,"http://file.koreafilm.or.kr/thm/01/copy/00/59/13/tn_DST743897.jpg,http://file.koreafilm.or.kr/thm/01/copy/00/59/13/tn_DST743898.jpg,http://file.koreafilm.or.kr/thm/01/copy/00/59/13/tn_DST743899.jpg,http://file.koreafilm.or.kr/thm/01/copy/00/59/13/tn_DST743900.jpg,http://file.koreafilm.or.kr/thm/01/copy/00/59/13/tn_DST743901.jpg"
2021,서울독립영화제,장갑을 사러,이현주,단편경쟁,,멜로/로맨스,"피아노를 가르치는 인경은 연인의 일본 발령 소식에 일본어 학원을 다니기 시작한다. 일본어를 왜 배우는지 스스로 대답을 찾지 못한 채 그의 출국일이 다가온다. 그녀는 답을 찾게 될까? 딱히 드라마랄 것도 없이 고요하게 감정의 축조를 쌓아 올리는데, 그 기운이 예사롭지 않다. (강소원)",,29,2021,"김정민,양종욱,김하람",https://ssl.pstatic.net/imgmovie/mdi/mit110/2097/209796_P01_103415.jpg,"http://file.koreafilm.or.kr/thm/01/copy/00/59/12/tn_DST743874.jpg,http://file.koreafilm.or.kr/thm/01/copy/00/59/12/tn_DST743875.jpg,http://file.koreafilm.or.kr/thm/01/copy/00/59/12/tn_DST743876.jpg"
2021,서울독립영화제,죽으러가는길,이주승,페스티벌 초이스,,기타,,,,,,,
2021,서울독립영화제,듣보인간의 생존신고,서원태,본선 장편경쟁,,기타,,,,,,,
2021,서울독립영화제,거북이와 여자들,한선희,페스티벌 초이스,,기타,,,,,,https://ssl.pstatic.net/imgmovie/mdi/mit110/2115/211569_P01_102010.jpg,
2021,서울독립영화제,내일의 연인들,김양희,페스티벌 초이스,,"드라마,멜로/로맨스","29세의 대학원생 정안은 어느 날, 선애 누나의 전화를 받는다. 선애는 엄마 친구의 딸로 어린 시절부터 함께 자라며 알고 지냈다. 5년 만에 연락한 선애는 이혼을 했다며 전남편과 함께 살던 빌라가 팔릴 때까지, 정안에게 집을 봐달라고 부탁한다.정안은 회사를 그만두고 대학원에 다니며 인생의 유예기간을 갖던 중이라 선애의 제안을 반갑게 여긴다. 만난 지 얼마 되지 않은 연인 지원과 단둘만의 시간을 갖고 싶었기 때문이다.공들여 꾸민 아늑한 선애의 집에서 정안과 지원은 마치 진짜 부부인 양 생활하며 서로에 대한 감정을 키워 나간다. 그리고 결코 행복해 보이지 않는 그들의 부모와 무슨 연유인지 몰라도 이 집을 떠나간 선애 부부를 생각하며, 언젠가는 찾아올 이별의 순간을 생각하게 된다.",,35,2021,"우지현,이태경,박소진",https://ssl.pstatic.net/imgmovie/mdi/mit110/2115/211568_P01_102308.jpg,"http://file.koreafilm.or.kr/thm/01/copy/00/59/37/tn_DST746699.jpg,http://file.koreafilm.or.kr/thm/01/copy/00/59/37/tn_DST746700.jpg,http://file.koreafilm.or.kr/thm/01/copy/00/59/37/tn_DST746701.jpg,http://file.koreafilm.or.kr/thm/01/copy/00/59/37/tn_DST746702.jpg,http://file.koreafilm.or.kr/thm/01/copy/00/59/37/tn_DST746703.jpg"
2021,서울독립영화제,돛대,이주승,페스티벌 초이스,,드라마,항상 계획을 세우지만 매번 실패하는 은구의 마지막 계획은 멋진 죽음이다.,,23,2021,"이주승,이상희",https://ssl.pstatic.net/imgmovie/mdi/mit110/2054/205401_P01_152107.jpg,"http://file.koreafilm.or.kr/thm/01/copy/00/57/44/tn_DST726688.jpg,http://file.koreafilm.or.kr/thm/01/copy/00/57/44/tn_DST726689.jpg,http://file.koreafilm.or.kr/thm/01/copy/00/57/44/tn_DST726690.jpg,http://file.koreafilm.or.kr/thm/01/copy/00/57/44/tn_DST726691.jpg,http://file.koreafilm.or.kr/thm/01/copy/00/57/44/tn_DST726687.jpg"
2021,서울독립영화제,평화가 사람 속을 걸어다니네,함유선,페스티벌 초이스,,"사회,지역",제주도 강정마을에 해군기지가 완공되었다. 서로 다른 두개의 평화가 공존하는 강정마을은 오늘도 어수선하다. 같은 공간 서로 다른 생각이 부딪치는 강정마을은 불안한 평화를 이어가고 있다.,전체관람가,23,2021,,https://ssl.pstatic.net/imgmovie/mdi/mit110/2107/210730_P01_152052.JPG,
2021,서울독립영화제,바다 위의 별,장승욱,페스티벌 초이스,,드라마,"여느 날과 다름없는 오후, 집에 물이 차오르기 시작한다.",,6,2021,,https://ssl.pstatic.net/imgmovie/mdi/mit110/2062/206237_P01_104920.jpg,"http://file.koreafilm.or.kr/thm/01/copy/00/58/35/tn_DST735941.jpg,http://file.koreafilm.or.kr/thm/01/copy/00/58/35/tn_DST735958.jpg,http://file.koreafilm.or.kr/thm/01/copy/00/58/35/tn_DST735959.jpg"
2021,서울독립영화제,나쁜 친구,한병아,페스티벌 초이스,,"드라마,가족,아동",엄마가 가장 필요한 시기의 소녀에게 빈자리를 채워 줄 무언가가 필요했다. 짓궂고 때론 아프게 하지만 늘 옆에 있어 주는 상상친구 '스위티'와 함께 불편해도 성가셔도 함께 공존하고 살아가는 것의 가치를 깨닫는 어린 소녀의 성장 이야기이다.,,9,2021,"손지아,강수진,김지현",https://ssl.pstatic.net/imgmovie/mdi/mit110/2081/208187_P01_160054.jpg,"http://file.koreafilm.or.kr/thm/01/copy/00/57/73/tn_DST729685.jpg,http://file.koreafilm.or.kr/thm/01/copy/00/57/73/tn_DST729686.jpg,http://file.koreafilm.or.kr/thm/01/copy/00/57/73/tn_DST729687.jpg,http://file.koreafilm.or.kr/thm/01/copy/00/57/73/tn_DST729688.jpg,http://file.koreafilm.or.kr/thm/01/copy/00/57/73/tn_DST729689.jpg"
2021,서울독립영화제,땅밑 하늘공간,강제규,독립영화 아카이브전,,기타,,,,,,https://ssl.pstatic.net/imgmovie/mdi/mit110/2118/211827_P01_114039.jpg,
2021,서울독립영화제,뫼비우스의 딸,김의석,독립영화 아카이브전,,"드라마,인물","김기숙이라는 29살의 무용수. 그녀는 혼자사는 독신 여성이다. 영화는 흑백 음영 필름에서 시작해서, 무용을 하면서 살아가는 그녀의 일상을 담고 있다. 거기에 더해 그녀의 나레이션이 추가되면서, 독신으로 살고 있는 그녀의 다소 무료한 삶의 모습이 드러난다. 뫼비우스의 띠는 안과 밖이 구분되어 있다는 고정관념을 깨고 하나의 띠로 연결되는어 안과 밖이 하나로 연결되는 띠이다. 이 뫼비우스의 띠처럼 영화 속 인물은 챗바퀴처럼 무료한 삶의 단면을 드러내며 누구에게도 이해받기 어려운 자신의 생활에 대해 이야기하고 있다. 어쩌면 영화 속 주인공 뿐 아니라, 그 시대를 살았던 모든 독신 여성들의 모습이 그처럼 자아실현 욕구와 사회적 인식의 한계 속에서 갈등하고 방황했을 것이다. 80년대 초반 서울의 거리 풍경과 함께 노처녀라고 불리우는 여성이 자신의 정체성과 삶에 대해 고민하는 내용으로 이루어져 있다. 김의석 감독이 중대 재학시절 만든 작품으로 보이며, 여성의 삶에 천착하는 태도와 다큐멘터리적 기법이 돋보인다.",,15,1981,,https://ssl.pstatic.net/imgmovie/mdi/mit110/2118/211826_P01_114224.jpg,
2021,서울독립영화제,그 여름,김동빈,독립영화 아카이브전,,"드라마,사회물(경향)","농촌에서 상경해 서울 주변부에서 살아가고 있는 삼남매의 이야기로서 철공소 직원, 레스토랑의 웨이터, 미용실의 시다 일을 하고 있는 이들은 가난하지만 내일의 꿈을 갖고 건강한 생활을 엮어간다. 그러나 어느 날 철공소 공원인 영민이 야간작업 중 사고를 당한다. 수술을 하지 않으면 실명을 할 위험에 처해 있지만 공장 주인은 개인의 실수로 일어난 일이라고 발뺌을 하고, 주위에 도움을 청해 보지만 냉담한 반응만이 있을 뿐이다. 치료비를 구하려고 철호는 돈을 훔칠려고 하나 실패하고, 영숙도 돈을 마련하려고 하지만 쉽지는 않다.",,35,1984,"강인화,홍기선,홍헌표",https://ssl.pstatic.net/imgmovie/mdi/mit110/0319/31988_P01_113419.jpg,
2021,서울독립영화제,헐리웃 키드,김덕민,뉴-쇼츠,,기타,,,,,,https://ssl.pstatic.net/imgmovie/mdi/mit110/2118/211825_P01_141355.jpg,
2021,서울독립영화제,"아듀, 오맹달",이강욱,뉴-쇼츠,,드라마,더운 여름밤. 정거장에서 버스를 기다리던 무겸에게 문자가 온다. 홍콩배우 오맹달의 부고 기사를 본 친구의 문자. 회사를 관둬 막막한 무겸은 친구의 연락이 그저 귀찮기만 하다. 여전히 버스는 오지 않고 귀뚜라미 우는 소리만 들려오는 적막한 정거장.,,7,2021,"정성욱,탁기영",https://ssl.pstatic.net/imgmovie/mdi/mit110/2112/211204_P01_132344.jpeg,"http://file.koreafilm.or.kr/thm/01/copy/00/59/84/tn_DST751918.jpg,http://file.koreafilm.or.kr/thm/01/copy/00/59/84/tn_DST751919.jpg"
2021,서울독립영화제,바다는 고향을 알고 있다,노희정,뉴-쇼츠,,기타,,,,,,https://ssl.pstatic.net/imgmovie/mdi/mit110/2118/211824_P01_141558.jpg,
2021,서울독립영화제,절대 시계를 보지 말 것,고동선,뉴-쇼츠,,기타,,,,,,https://ssl.pstatic.net/imgmovie/mdi/mit110/2118/211821_P01_142456.jpg,
2021,서울독립영화제,내 방 안의 Another World,강소연,뉴-쇼츠,,기타,,,,,,https://ssl.pstatic.net/imgmovie/mdi/mit110/2118/211820_P01_142713.jpg,
2021,서울독립영화제,코로나 극장,김세성,뉴-쇼츠,,기타,,,,,,https://ssl.pstatic.net/imgmovie/mdi/mit110/2118/211819_P01_142914.jpg,
2021,서울독립영화제,지붕 위의 두 남자,모현신,뉴-쇼츠,,기타,,,,,,https://ssl.pstatic.net/imgmovie/mdi/mit110/2118/211818_P01_143123.jpg,
2021,서울독립영화제,소리 줍는 사람,오도이,뉴-쇼츠,,기타,,,,,,https://ssl.pstatic.net/imgmovie/mdi/mit110/2118/211816_P01_143518.jpg,
2021,서울독립영화제,이별격리,은정현,뉴-쇼츠,,기타,,,,,,https://ssl.pstatic.net/imgmovie/mdi/mit110/2118/211814_P01_150104.jpg,
2021,서울독립영화제,손끝,정수연,뉴-쇼츠,,드라마,갑작스럽게 빵집 아르바이트에서 잘린 수민은 빵집 사장을 노동청에 신고한 상태이다. 그러자 사장은 3개월 동안 월급을 주지 않고 버티고 있다. 수민과 함께 신고를 한 매니저 진희는 수민과 상의 없이 사장과 합의를 보고 복직된다. 수민은 늦은 밤 매니저를 만나러 빵집에 간다.,,14,2021,"김도영,박희은,홍예지",https://ssl.pstatic.net/imgmovie/mdi/mit110/2118/211813_P01_150426.jpg,"http://file.koreafilm.or.kr/thm/01/copy/00/59/84/tn_DST751950.jpg,http://file.koreafilm.or.kr/thm/01/copy/00/59/84/tn_DST751951.jpg,http://file.koreafilm.or.kr/thm/01/copy/00/59/84/tn_DST751949.jpg"
2021,서울독립영화제,외식,박송열,뉴-쇼츠,,기타,,,,,,https://ssl.pstatic.net/imgmovie/mdi/mit110/2118/211812_P01_150609.jpg,
2021,서울독립영화제,프리즈마,장주선,뉴-쇼츠,,기타,,,,,,https://ssl.pstatic.net/imgmovie/mdi/mit110/2118/211810_P01_150958.jpg,
2021,서울독립영화제,밴드큐,이유진,뉴-쇼츠,,"드라마,뮤직",인디 밴드의 메인 보컬 미혜는 신곡  오빠의 여자 를 부를 수 없다. 결국 밴드를 나와 홍대 거리를 정처 없이 떠도는 미혜. 그런 미혜 앞에 천만 배우이자 트랜스젠더 여성인 채채가 나타난다.,,14,2021,"권은혜,해준",https://ssl.pstatic.net/imgmovie/mdi/mit110/2118/211808_P01_151329.jpg,"http://file.koreafilm.or.kr/thm/01/copy/00/59/85/tn_DST751976.jpg,http://file.koreafilm.or.kr/thm/01/copy/00/59/85/tn_DST751977.jpg,http://file.koreafilm.or.kr/thm/01/copy/00/59/85/tn_DST751978.jpg,http://file.koreafilm.or.kr/thm/01/copy/00/59/85/tn_DST751979.jpg,http://file.koreafilm.or.kr/thm/01/copy/00/59/85/tn_DST751980.jpg"
2021,서울독립영화제,컵라면과 복숭아,조경원,뉴-쇼츠,,기타,,,,,,https://ssl.pstatic.net/imgmovie/mdi/mit110/2118/211807_P01_151531.jpg,
2021,서울독립영화제,어디에도 없는 시간,장태구,본선 단편경쟁,,드라마,승미는 절친한 친구 정현이 서울 회사에 취업한 이후 통 만나지 못했다.물리적인 거리감은 결국 사람과 사이를 멀어지게 만들까. 코로나의 영향으로 그렇게 된 걸까 생각하는 승미는 두 사람의 여행을 떠올리며 달리기 시작한다.,,21,2021,,https://ssl.pstatic.net/imgmovie/mdi/mit110/2092/209249_P00_100400.png,"http://file.koreafilm.or.kr/thm/01/copy/00/59/84/tn_DST751898.jpg,http://file.koreafilm.or.kr/thm/01/copy/00/59/84/tn_DST751899.jpg,http://file.koreafilm.or.kr/thm/01/copy/00/59/84/tn_DST751900.jpg"
2021,서울독립영화제,성덕,오세연,페스티벌 초이스,,"코메디,문화,사회","어느 날 ‘오빠’가 범죄자가 되었다. 그의 팬, 그중에서도 ‘성공한 덕후’였던 나는 분노와 슬픔, 약간의 민망함 속에서 혼란스러운 시간을 보냈다. 팬이라는 이름으로 함께했던 얼굴들을 떠올렸다. 누구는 믿고 응원했기 때문에 더 화가 난다고 하고, 누구는 진정한 팬이라면 끝까지 기다려 주는 거라고 한다. 우리는 덕질을 계속할 수 있을까? 아니, 그만둘 수 있을까? 마음껏 덕질하기 어려운 시대, 사랑했기 때문에 고통 받는 ‘성덕’들을 만나러 간다.",,87,2021,,https://ssl.pstatic.net/imgmovie/mdi/mit110/2097/209785_P01_142954.jpg,
2021,서울독립영화제,균열,배기성,본선 단편경쟁,,드라마,"지방의 어느 도로 앞. ‘균열’이라는 단어가 적힌 피켓을 들고 시위 중인 남자. 하루 전, 균열이 가득한 빌라 앞에 허름한 텐트에서 생활 중인 40대 초반의 남자 상수. 그는 익숙한 듯 텐트에서 나와 인력사무소로 향한다. 다른 인부들과 또 다른 빌라에 도착한 그. 그곳 역시 균열이 가득하다.",,20,2021,Kim Rok-gyeong,https://ssl.pstatic.net/imgmovie/mdi/mit110/2116/211605_P01_143633.jpg,"http://file.koreafilm.or.kr/thm/01/copy/00/59/85/tn_DST752003.jpg,http://file.koreafilm.or.kr/thm/01/copy/00/59/85/tn_DST752004.jpg,http://file.koreafilm.or.kr/thm/01/copy/00/59/85/tn_DST752005.jpg,http://file.koreafilm.or.kr/thm/01/copy/00/59/85/tn_DST752006.jpg"
2021,서울독립영화제,농몽,권순현,본선 단편경쟁,,"사회,인물","내게 촛불은 매혹이었다. 세상에 마침내 종말이 찾아온다면 이런 모습이지 않을까 상상했다. 광장의 사람들은 웃고 울고 소리쳤다. 내 손 안의 작은 열기 덕분에 종말 이후 찾아올 새로운 세상을 상상할 수 있었다. 일렁이는 불꽃에 매혹당하여, 나는 촛불을 들 여유가 없는 사람들을, 광장을 갖지 못한 사람들을 떠올리지 않았다.",,39,2020,,https://ssl.pstatic.net/imgmovie/mdi/mit110/2036/203696_P01_140048.JPG,"http://file.koreafilm.or.kr/thm/01/copy/00/58/75/tn_DST739976.jpg,http://file.koreafilm.or.kr/thm/01/copy/00/58/75/tn_DST739977.jpg,http://file.koreafilm.or.kr/thm/01/copy/00/58/75/tn_DST739978.jpg,http://file.koreafilm.or.kr/thm/01/copy/00/58/75/tn_DST739979.jpg,http://file.koreafilm.or.kr/thm/01/copy/00/58/75/tn_DST739980.jpg"
2021,서울독립영화제,짝사랑,주영,본선 단편경쟁,,드라마,중장비 부품을 만드는 공장에서 평범하게 일하며 살아가는 인범에게 설레는 사람이 생겼다. 거창하지는 않지만 자신의 미래를 만들기 위해 차곡차곡 준비하며 도전하는 하영은 특별한 꿈도 미래도 없던 인범에게 자극이 되고 새로운 도전을 시작하게 한다.,,29,2020,,https://ssl.pstatic.net/imgmovie/mdi/mit110/2107/210731_P01_151351.JPG,"http://file.koreafilm.or.kr/thm/01/copy/00/59/30/tn_DST745943.jpg,http://file.koreafilm.or.kr/thm/01/copy/00/59/30/tn_DST745944.jpg"
2021,서울독립영화제,국가유공자,박찬우,본선 단편경쟁,,드라마,"국가유공자 영춘의 생애 마지막 꿈은 호국원에 묻히는 것이다. 하지만 국가는 그에게 묻힐 땅을 허락하지 않는다.6.25 전쟁에 참전했던 85세 노인 영춘에게 ‘국가유공자’라는 명예는 삶의 전부다. 그 자부심으로 비루한 삶을 견뎌왔고, 죽음을 앞둔 시점에선 자신이 당연히 호국원의 한 자리를 차지할 거라고 생각한다. 이때 청천벽력 같은 소식이 날아온다. 전쟁 당시 20일 이상 행방불명 상태였기에 탈영으로 처리되어 있었고, 그런 ‘불명예스러운’ 자에겐 호국원이라는 영예로운 공간이 허락되지 않는다는 것이다.  국가유공자 는 서사와 스타일의 과잉 없이, 조용히 스며드는 방식으로 테마를 전달하는 영화다. 한 가족 안에서 일어나는, 어쩌면 사소한 사건 하나를 다루는 이 영화는 그 일을 통해 세대와 가치관을 이야기한다. 삶을 마감하기 직전의 순간에 평생을 지탱했던 ‘국가’라는 존재로부터 배신당한 영춘. 그에게 남은 건 아무도 알아주지 않는 훈장 하나뿐이며, 자식들은 국가유공자였던 아버지를 그다지 자랑스러워하지 않는다. 잔잔함 속에 페이소스가 있는, 울림 있는 드라마다.",,35,2021,"김삼일,박일용,김금순",https://ssl.pstatic.net/imgmovie/mdi/mit110/2065/206500_P01_170424.jpg,"http://file.koreafilm.or.kr/thm/01/copy/00/56/99/tn_DST722162.jpg,http://file.koreafilm.or.kr/thm/01/copy/00/56/99/tn_DST722163.jpg,http://file.koreafilm.or.kr/thm/01/copy/00/56/99/tn_DST722164.jpg,http://file.koreafilm.or.kr/thm/01/copy/00/56/99/tn_DST722165.jpg"
2021,서울독립영화제,아무도 모르게,변여빈,본선 단편경쟁,,드라마,"폐업을 앞둔 의원에서 일하는 남주는 성혜와 어릴 적 기억을 공유한다.그리고 오랜 시간이 지난 뒤, 성혜가 찾아온다.",,22,2021,"김윤하,유재원",https://ssl.pstatic.net/imgmovie/mdi/mit110/2116/211604_P01_143928.jpg,"http://file.koreafilm.or.kr/thm/01/copy/00/57/59/tn_DST728296.jpg,http://file.koreafilm.or.kr/thm/01/copy/00/57/59/tn_DST728297.jpg,http://file.koreafilm.or.kr/thm/01/copy/00/57/60/tn_DST728298.jpg,http://file.koreafilm.or.kr/thm/01/copy/00/57/60/tn_DST728299.jpg,http://file.koreafilm.or.kr/thm/01/copy/00/57/60/tn_DST728300.jpg"
2021,서울독립영화제,조에아,유채정,본선 단편경쟁,,기타,,,,,,https://ssl.pstatic.net/imgmovie/mdi/mit110/2054/205407_P01_163550.jpg,
2021,서울독립영화제,돌림총,이상민,본선 단편경쟁,,드라마,의장대에서 ‘돌림총’이라는 동작을 배우던 중 부상을 입어 행정병으로 빠진 현규는 다시 의장대원이 되어 행사를 뛰고 싶다.,,27,2021,"엄준기,김상흔,이휘원",https://ssl.pstatic.net/imgmovie/mdi/mit110/2107/210742_P01_112649.png,"http://file.koreafilm.or.kr/thm/01/copy/00/59/46/tn_DST747631.jpg,http://file.koreafilm.or.kr/thm/01/copy/00/59/46/tn_DST747636.jpg,http://file.koreafilm.or.kr/thm/01/copy/00/59/46/tn_DST747637.jpg"
2021,서울독립영화제,퇴직금,전재연,본선 단편경쟁,,코메디,나영은 헤어진 남자친구 진만의 전직장에 대신 퇴직금을 받으러 간다. 그건 진만과의 지긋지긋한 관계에 대한 나영의 퇴직금이다.,,28,2021,"조민경,임선우,이재인",https://ssl.pstatic.net/imgmovie/mdi/mit110/2106/210699_P01_174506.jpg,"http://file.koreafilm.or.kr/thm/01/copy/00/57/54/tn_DST727729.jpg,http://file.koreafilm.or.kr/thm/01/copy/00/57/54/tn_DST727730.jpg,http://file.koreafilm.or.kr/thm/01/copy/00/57/54/tn_DST727731.jpg,http://file.koreafilm.or.kr/thm/01/copy/00/57/54/tn_DST727732.jpg,http://file.koreafilm.or.kr/thm/01/copy/00/57/54/tn_DST727733.jpg"
2021,서울독립영화제,굿포유,김일현,본선 단편경쟁,,실험,지금부터 보고 듣는 모든 것들이 바로 '당신을 위한' 굿입니다.,,7,2021,,https://ssl.pstatic.net/imgmovie/mdi/mit110/2037/203707_P01_111715.JPG,"http://file.koreafilm.or.kr/thm/01/copy/00/57/75/tn_DST729895.jpg,http://file.koreafilm.or.kr/thm/01/copy/00/57/75/tn_DST729896.jpg,http://file.koreafilm.or.kr/thm/01/copy/00/57/75/tn_DST729897.jpg"
2021,서울독립영화제,황룡산,김무영,본선 단편경쟁,,기타,,,,,,https://ssl.pstatic.net/imgmovie/mdi/mit110/2116/211602_P01_144722.jpg,
2021,서울독립영화제,습지 장례법,신종원,본선 단편경쟁,,기타,,,,,,https://ssl.pstatic.net/imgmovie/mdi/mit110/2116/211601_P01_145819.jpg,
2021,서울독립영화제,Trans-Continental-Railway,정재훈,본선 단편경쟁,,실험,"이 영화는 유기농맥주의 동명 앨범 「TCR(Trans-Continental Railway)」의 뮤직비디오로, 극장에서의 상영만을 목표로 제작되었다. 시베리아 횡단 열차는 1897년 최초로 운행했다. 영화가 아직 기계 장치라면 여전히 관객의 몸은 영화를 통해 멀리까지 갈 수 있다.",,52,2021,,https://ssl.pstatic.net/imgmovie/mdi/mit110/2041/204169_P01_165307.JPG,"http://file.koreafilm.or.kr/thm/01/copy/00/58/77/tn_DST740213.jpg,http://file.koreafilm.or.kr/thm/01/copy/00/58/77/tn_DST740214.jpg,http://file.koreafilm.or.kr/thm/01/copy/00/58/77/tn_DST740215.jpg,http://file.koreafilm.or.kr/thm/01/copy/00/58/77/tn_DST740212.jpg"
2021,서울독립영화제,씨티백,황선영,본선 단편경쟁,,사회,"열여덟 가을, 나는 친구 기현의 부고를 들었다. 기현은 치킨집 배달 아르바이트를 하던 도중 교통사고를 당했으나, 청소년으로도 노동자로도 아무런 보호를 받지 못한 채 순식간에 세상에서 지워졌다. ‘나’는 기현과 함께한 시간들을 회상하던 중 2009년 기현의 사고를 다시 마주한다. 그 시간의 주위를 맴돌며, 유령처럼 사라진 친구와 오토바이 문화 그리고 지금도 여전히 길 위를 떠다니는 ‘기현이들’을 만난다.",,29,2021,,https://ssl.pstatic.net/imgmovie/mdi/mit110/2116/211600_P01_150832.jpg,"http://file.koreafilm.or.kr/thm/01/copy/00/59/95/tn_DST753018.jpg,http://file.koreafilm.or.kr/thm/01/copy/00/59/95/tn_DST753019.jpg,http://file.koreafilm.or.kr/thm/01/copy/00/59/95/tn_DST753020.jpg,http://file.koreafilm.or.kr/thm/01/copy/00/59/95/tn_DST753021.jpg,http://file.koreafilm.or.kr/thm/01/copy/00/59/95/tn_DST753017.jpg"
2021,서울독립영화제,Video Noire,성하은,본선 단편경쟁,,실험,나는 방으로 초대받는다. 누군가 나에게 말을 건다. 나는 어떤 공간으로 계속해서 빨려 들어간다.,,9,2021,,,"http://file.koreafilm.or.kr/thm/01/copy/00/59/70/tn_DST750435.jpg,http://file.koreafilm.or.kr/thm/01/copy/00/59/70/tn_DST750437.jpg,http://file.koreafilm.or.kr/thm/01/copy/00/59/70/tn_DST750438.jpg,http://file.koreafilm.or.kr/thm/01/copy/00/59/70/tn_DST750436.jpg,http://file.koreafilm.or.kr/thm/01/copy/00/59/70/tn_DST750439.jpg,http://file.koreafilm.or.kr/thm/01/copy/00/59/70/tn_DST750440.jpg,http://file.koreafilm.or.kr/thm/01/copy/00/59/70/tn_DST750441.jpg"
2021,서울독립영화제,선율,김윤정,본선 단편경쟁,,드라마,방 안에 갇혀 원인 모를 소음과 공포에 시달리던 나는 나와 같은 일을 겪고 있는 정신장애인 조현병 당사자 ‘고유한 선’과 ‘바이올렛 제이’를 만나 이야기를 나눈다. 이 둘은 각자의 방법과 속도에 맞추어 이 세계 안을 헤엄치고 있었다. 각각의 음으로 표류하던 우리의 이야기는 서로 만나 하나의 선율로 완성된다.,,12,2021,"고유한 선,바이올렛 제이,돌고래",https://ssl.pstatic.net/imgmovie/mdi/mit110/2074/207495_P01_180205.jpg,http://file.koreafilm.or.kr/thm/01/copy/00/58/62/tn_DST738714.jpg
2021,서울독립영화제,외발자전거,이종헌,새로운선택,,기타,,,,,,https://ssl.pstatic.net/imgmovie/mdi/mit110/2115/211595_P01_095857.jpg,
2021,서울독립영화제,두 여자,허태인,새로운선택,,기타,,,,,,https://ssl.pstatic.net/imgmovie/mdi/mit110/2115/211594_P01_100453.jpg,
2021,서울독립영화제,텐트틴트,이준섭,새로운선택,,"코메디,멜로/로맨스","동주는 오래 사귄 연인 성곤과의 지루한 연애를 개선하기 위해 성곤을 집에서 내쫓지만, 결국 관계 회복은 산으로 간다.",,29,2021,"심달기,김성곤,신민재",https://ssl.pstatic.net/imgmovie/mdi/mit110/2115/211593_P01_101019.jpg,"http://file.koreafilm.or.kr/thm/01/copy/00/59/38/tn_DST746840.jpg,http://file.koreafilm.or.kr/thm/01/copy/00/59/38/tn_DST746838.jpg,http://file.koreafilm.or.kr/thm/01/copy/00/59/38/tn_DST746839.jpg,http://file.koreafilm.or.kr/thm/01/copy/00/59/38/tn_DST746837.jpg"
2021,서울독립영화제,뭐해,신지수,새로운선택,,드라마,"토요일 오후, 외출 직전 갑자기 약속이 취소된 유미는 이리저리 연락을 돌려보지만 뭔가 잘 풀리지 않는다.",,13,2021,,https://ssl.pstatic.net/imgmovie/mdi/mit110/2041/204160_P01_173335.JPG,"http://file.koreafilm.or.kr/thm/01/copy/00/57/44/tn_DST726738.jpg,http://file.koreafilm.or.kr/thm/01/copy/00/57/44/tn_DST726739.jpg,http://file.koreafilm.or.kr/thm/01/copy/00/57/44/tn_DST726736.jpg,http://file.koreafilm.or.kr/thm/01/copy/00/57/44/tn_DST726737.jpg"
2021,서울독립영화제,쓰는 일,유재인,새로운선택,,기타,,,,,,https://ssl.pstatic.net/imgmovie/mdi/mit110/2115/211592_P01_101652.jpg,
2021,서울독립영화제,버드세이버 보고서 제 2장,최희현,새로운선택,,기타,,,,,,https://ssl.pstatic.net/imgmovie/mdi/mit110/2115/211591_P01_102011.jpg,
2021,서울독립영화제,듀티,한정선,새로운선택,,기타,,,,,,https://ssl.pstatic.net/imgmovie/mdi/mit110/2115/211590_P01_102405.jpg,
2021,서울독립영화제,완벽한 동그라미,최민경,새로운선택,,기타,,,,,,https://ssl.pstatic.net/imgmovie/mdi/mit110/2115/211589_P01_103030.jpg,
2021,서울독립영화제,스프린터,최승연,개막작,,"드라마,스포츠",한때 대한민국에서 가장 빠른 100미터 선수였던 현수.아직 고등학생이지만 점점 기록이 오르고 있는 단거리 선수 준서.현재 대한민국에서 가장 빠른 단거리 선수 정호.세 선수는 각자의 이유로 국가대표 선발전을 준비한다.,,87,2021,"박성일,공민정,임지호",https://ssl.pstatic.net/imgmovie/mdi/mit110/2116/211606_P02_173437.jpg,"http://file.koreafilm.or.kr/thm/01/copy/00/59/85/tn_DST752010.jpg,http://file.koreafilm.or.kr/thm/01/copy/00/59/85/tn_DST752011.jpg,http://file.koreafilm.or.kr/thm/01/copy/00/59/85/tn_DST752012.jpg,http://file.koreafilm.or.kr/thm/01/copy/00/59/85/tn_DST752013.jpg,http://file.koreafilm.or.kr/thm/01/copy/00/59/85/tn_DST752014.jpg,http://file.koreafilm.or.kr/thm/01/copy/00/59/85/tn_DST752015.jpg,http://file.koreafilm.or.kr/thm/01/copy/00/59/85/tn_DST752016.jpg,http://file.koreafilm.or.kr/thm/01/copy/00/59/85/tn_DST752017.jpg"
2021,서울독립영화제,해피해피 이혼파티,남순아,특별초청,,"사회,가족",왜 결혼기념일은 있는데 이혼기념일은 없을까? 나의 부모님은 15년의 결혼생활 끝에 이혼했다. 2020년은 그들이 이혼한 지 15년째가 되는 해이다. 딸들은 엄마의 이혼 15주년을 기념하는 근사한 파티를 열어주고 싶다.,,24,2021,"이정현,남순아,남윤아",https://ssl.pstatic.net/imgmovie/mdi/mit110/2081/208103_P01_104903.jpg,"http://file.koreafilm.or.kr/thm/01/copy/00/58/72/tn_DST739708.jpg,http://file.koreafilm.or.kr/thm/01/copy/00/58/72/tn_DST739709.jpg,http://file.koreafilm.or.kr/thm/01/copy/00/58/72/tn_DST739710.jpg,http://file.koreafilm.or.kr/thm/01/copy/00/58/72/tn_DST739707.jpg"
2021,서울독립영화제,잠 없는 꿈,한인미,장편경쟁,,기타,,,,,,,
2021,서울독립영화제,내 코가 석재,김보람,페스티벌 초이스,,SF,"병원의 비대면 진료가 일상이 된 어느 미래, 만성 비염 환자 보형은 이비인후과 비대면 진료를 받은 뒤 아주 특별한 치료법을 배달받는다.",,20,2021,,https://ssl.pstatic.net/imgmovie/mdi/mit110/2060/206014_P01_151146.jpg,"http://file.koreafilm.or.kr/thm/01/copy/00/57/40/tn_DST726313.jpg,http://file.koreafilm.or.kr/thm/01/copy/00/57/41/tn_DST726390.jpg,http://file.koreafilm.or.kr/thm/01/copy/00/57/41/tn_DST726391.jpg,http://file.koreafilm.or.kr/thm/01/copy/00/57/41/tn_DST726392.jpg"
2021,서울독립영화제,피아노 프리즘,오재형,본선 장편경쟁,,문화,,,91,2021,,https://ssl.pstatic.net/imgmovie/mdi/mit110/2097/209780_P01_150242.jpg,"http://file.koreafilm.or.kr/thm/01/copy/00/59/20/tn_DST744936.jpg,http://file.koreafilm.or.kr/thm/01/copy/00/59/20/tn_DST744937.jpg,http://file.koreafilm.or.kr/thm/01/copy/00/59/20/tn_DST744938.jpg,http://file.koreafilm.or.kr/thm/01/copy/00/59/20/tn_DST744939.jpg,http://file.koreafilm.or.kr/thm/01/copy/00/59/20/tn_DST744940.jpg"
2021,서울독립영화제,불모지,이탁,본선 단편경쟁,,드라마,"화천댁은 자살한 남편의 시신을, 서암댁의 집 텃밭에 묻어 달라 부탁한다.",,35,2021,"오민애,김재화,이재인",https://ssl.pstatic.net/imgmovie/mdi/mit110/2037/203700_P01_133751.JPEG,"http://file.koreafilm.or.kr/thm/01/copy/00/56/32/tn_DST715352.jpg,http://file.koreafilm.or.kr/thm/01/copy/00/56/32/tn_DST715353.jpg,http://file.koreafilm.or.kr/thm/01/copy/00/56/32/tn_DST715354.jpg,http://file.koreafilm.or.kr/thm/01/copy/00/56/32/tn_DST715355.jpg"
2021,서울독립영화제,바운더리,윤가현,새로운선택,,"사회,인권","2016년 강남역 10번 출구 사건 이후 나의 친구들은 노동운동에서 여성운동으로 옮겨가며 새로운 운동을 시작했다. 친구들이 만든 불꽃페미액션은 겨털해방, 찌찌해방과 같이 여성의 몸과 섹슈얼리티로 여성운동을 하는 단체다. 페미니스트 선언 이후 4년 불꽃페미액션의 활동가로 살며 여름과 같이 뜨겁고, 지독하고, 눅눅했던 4년 동안의 일기를 펼쳐본다.",,102,2021,,https://ssl.pstatic.net/imgmovie/mdi/mit110/2081/208137_P01_131610.jpg,"http://file.koreafilm.or.kr/thm/01/copy/00/59/06/tn_DST743168.jpg,http://file.koreafilm.or.kr/thm/01/copy/00/59/06/tn_DST743169.jpg,http://file.koreafilm.or.kr/thm/01/copy/00/59/06/tn_DST743170.jpg,http://file.koreafilm.or.kr/thm/01/copy/00/59/06/tn_DST743171.jpg,http://file.koreafilm.or.kr/thm/01/copy/00/59/05/tn_DST743167.jpg"
2021,서울독립영화제,바리케이드,윤인호,독립영화 아카이브전,,"드라마,사회물(경향)","미국으로 건너가 불법취업했던 아버지가 허리를 다친 채 돌아오는 바람에 대학입학금을 병원비로 다날리고 세탁공장 노동자로 주저앉게 된 한식은 모든 것에 무관심하기만 하다. 그가 일하는 공장에는불법체류중인 외국인 노동자 칸과 자키,부토가 있다. 이들은 같이 일하는 동료 한국인 용승과 금희로부터 결코 그들과 입장이 다를 바 없으면서도 무조건적으로 개취급을 당하며 살고 있는데...",연소자불가,97,1997,"김의성,김정균,박은정",https://ssl.pstatic.net/imgmovie/mdi/mit110/0187/A8727-00.jpg,http://file.koreafilm.or.kr/thm/01/copy/00/14/67/tn_DSKT013902.JPG
2021,서울독립영화제,건전지 아빠,전승배,본선 단편경쟁,,"드라마,어드벤처,판타지,가족,아동","건전지 아빠는 아이들 장난감, 리모컨, 도어록등 집안 구석구석에서 활약한다.그러던 어느날 건전지 아빠는 사람들과 함께 계곡으로 여행을 간다.모처럼 즐거운 시간을 보내던 중 갑작스러운 폭우로 인해 계곡물이 불어나 모두가 고립된다.건전지 아빠는 사람들이 안전하게 구조될 수 있도록 손전등 안에서 온 힘을 다해 빛을 밝혀보지만비가 계속 들이쳐 방전될 위험에 처하게 되는데......",,6,2021,,https://ssl.pstatic.net/imgmovie/mdi/mit110/2068/206862_P01_163714.jpg,"http://file.koreafilm.or.kr/thm/01/copy/00/57/73/tn_DST729717.jpg,http://file.koreafilm.or.kr/thm/01/copy/00/57/73/tn_DST729718.jpg,http://file.koreafilm.or.kr/thm/01/copy/00/57/73/tn_DST729719.jpg,http://file.koreafilm.or.kr/thm/01/copy/00/57/73/tn_DST729720.jpg,http://file.koreafilm.or.kr/thm/01/copy/00/57/73/tn_DST729721.jpg"
2021,서울독립영화제,"여기, 나의 정원",김지곤,페스티벌 초이스,,기타,,,,,,https://ssl.pstatic.net/imgmovie/mdi/mit110/2115/211571_P01_101610.jpg,
2021,서울독립영화제,젖꼭지 3차대전,백시원,페스티벌 초이스,,드라마,어느날 용PD는 노브라 연예인의 젖꼭지에 모자이크를 치라는 부장님의 명령을 받는다.,,24,2020,"최성은,정인기,장요훈",,"http://file.koreafilm.or.kr/thm/01/copy/00/56/13/tn_DST712851.jpg,http://file.koreafilm.or.kr/thm/01/copy/00/56/13/tn_DST712852.jpg,http://file.koreafilm.or.kr/thm/01/copy/00/56/13/tn_DST712853.jpg,http://file.koreafilm.or.kr/thm/01/copy/00/56/13/tn_DST712854.jpg,http://file.koreafilm.or.kr/thm/01/copy/00/56/13/tn_DST712855.jpg"
2021,서울독립영화제,모어,이일하,본선 장편경쟁,,"인물,가족,뮤직",이태원의 클럽 ‘트랜스’의 간판이 켜진다. 경력 20년의 모어의 쇼가 시작되면 관객들은 환호하고 무대 위로 팁이 쏟아진다. 모어의 꿈은 발레리나였다. 세상이 그를 향해  너 그 여성성 버려  하고 말했을 때 그 꿈은 좌절됐다. 공연차 한국을 방문한  헤드윅 의 존 카메론 미첼은 우연히 모어의 쇼를 보게 되고 “뉴욕에서 만나자”는 의미심장한 말을 모어에게 남기고 떠난다. 그러던 어느 날 뉴욕으로부터 공연 초청장이 도착하는데···.​,,90,2021,"모지민,이기현,Evgeny Shtefan",https://ssl.pstatic.net/imgmovie/mdi/mit110/2081/208144_P01_123922.jpg,"http://file.koreafilm.or.kr/thm/01/copy/00/59/06/tn_DST743204.jpg,http://file.koreafilm.or.kr/thm/01/copy/00/59/06/tn_DST743205.jpg,http://file.koreafilm.or.kr/thm/01/copy/00/59/06/tn_DST743200.jpg,http://file.koreafilm.or.kr/thm/01/copy/00/59/06/tn_DST743201.jpg,http://file.koreafilm.or.kr/thm/01/copy/00/59/06/tn_DST743202.jpg,http://file.koreafilm.or.kr/thm/01/copy/00/59/06/tn_DST743203.jpg"
2021,서울독립영화제,피아니스트,조은선,페스티벌 초이스,,드라마,피아노 학원 선생으로 일하고 있는 소희는 무대에 서고 싶다.,,29,2021,"조민경,배연경,조경창",https://ssl.pstatic.net/imgmovie/mdi/mit110/2041/204137_P01_103617.JPG,"http://file.koreafilm.or.kr/thm/01/copy/00/58/61/tn_DST738528.jpg,http://file.koreafilm.or.kr/thm/01/copy/00/58/61/tn_DST738529.jpg,http://file.koreafilm.or.kr/thm/01/copy/00/58/61/tn_DST738530.jpg,http://file.koreafilm.or.kr/thm/01/copy/00/58/61/tn_DST738531.jpg,http://file.koreafilm.or.kr/thm/01/copy/00/58/61/tn_DST738532.jpg"
2021,서울독립영화제,세 친구,임순례,독립영화 아카이브전,,"드라마,사회물(경향)","고등학교를 갓 졸업하고 대학 진학을 못한 세 친구 무소속, 삼겹, 섬세. 무소속은 만화가를 꿈꾸고, 삼겹살집 아들 삼겹은 먹고 놀면서 비디오나 보면서 사는게 유일한 인생의 희망이다. 여성스럽고 심약한 섬세는 미용사가 되기를 원한다. 그런 어느날 세 친구에게 모두 신체검사 통지서가 날아든다. 무소속은 여러 가지 비법들과 자해를 통해, 삼겹은 한계체중을 넘는 것으로 면제가 되고자 발버둥을 친다. 그러나 섬세는 자신의 성격을 교정해 보겠다는 희망으로 군대에 들어가고 싶어한다. 끊임없이 먹어대던 삼겹은 초과 몸무게로 면제를 받고, 어깨를 내리치는 자해를 가한 무소속은 결국 귀에 이상이 있다는 판정을 받지만 군대에 들어가야 하고, 동네 건달들에게 폭행을 당한후 정신과 치료를 받은 섬세는 군 입대 불합격 판정을 받게 된다.",고등학생가,92,1996,"김현성,이장원,정희석",https://ssl.pstatic.net/imgmovie/mdi/mit110/0177/A7741-00.jpg,"http://file.koreafilm.or.kr/thm/01/copy/00/12/43/tn_S_K04862_1.jpg,http://file.koreafilm.or.kr/thm/01/copy/00/12/43/tn_S_K04862_2.jpg,http://file.koreafilm.or.kr/thm/01/copy/00/12/43/tn_S_K04862_3.jpg,http://file.koreafilm.or.kr/thm/01/copy/00/12/43/tn_S_K04862_4.jpg,http://file.koreafilm.or.kr/thm/01/copy/00/12/43/tn_S_K04862_5.jpg,http://file.koreafilm.or.kr/thm/01/copy/00/12/43/tn_S_K04862_6.jpg,http://file.koreafilm.or.kr/thm/01/copy/00/24/97/tn_DSKT102970.jpg,http://file.koreafilm.or.kr/thm/01/copy/00/24/97/tn_DSKT102971.jpg,http://file.koreafilm.or.kr/thm/01/copy/00/24/97/tn_DSKT102972.jpg,http://file.koreafilm.or.kr/thm/01/copy/00/24/97/tn_DSKT102973.jpg"
2021,서울독립영화제,"그 겨울, 나는",오성호,본선 장편경쟁,,"멜로/로맨스,드라마,청춘영화","경학(권다함)은 경찰 공무원 준비생이고 여자친구 혜진(권소현)은 취업 준비생이다. 둘은 동거 중이다. 가난한 경학은 부모가 빌린 대출금까지 떠안게 되면서 잠시 시험 준비를 멈추고 배달업을 시작하게 된다. 그사이 취업에 성공한 혜진은 점점 더 회사 일에 집중하게 되고, 경학도 배달업이 중대한 생활이 되며 둘 사이는 멀어지기 시작한다. 현실에서 너무 많이 보고 들었던 불우한 청춘의 이야기일 뿐 아니냐고 반문하는 누군가가 있다면 이 영화의 반격을 받을 것이다.  그 겨울, 나는 은 감독의 힘 있는 연출력과 배우들의 단련된 연기력을 중심으로 단단하게 감정을 쌓아가는 청춘 멜로드라마다. 마침내 경학의 슬픔이 터져나오는 그 장면에서, 많은 이들의 눈앞도 함께 흐려질 것이다. (정한석)",,100,2021,"권다함,권소현,오지혜",https://ssl.pstatic.net/imgmovie/mdi/mit110/2097/209732_P01_110732.jpg,"http://file.koreafilm.or.kr/thm/01/copy/00/59/12/tn_DST743877.jpg,http://file.koreafilm.or.kr/thm/01/copy/00/59/12/tn_DST743878.jpg,http://file.koreafilm.or.kr/thm/01/copy/00/59/12/tn_DST743879.jpg,http://file.koreafilm.or.kr/thm/01/copy/00/59/12/tn_DST743880.jpg,http://file.koreafilm.or.kr/thm/01/copy/00/59/12/tn_DST743881.jpg"
2021,서울독립영화제,보속,양재준,본선 단편경쟁,,드라마,"성당의 복지시설에서 합숙 생활을 하는 주인공 성아는 고해성사를 한 뒤 보속(고해를 한 후 신부가 내려 주는 속죄를 위한 실천적인 과제)을 받는다. 그녀는 나름대로 최선을 다해 보속을 행하려고 하지만, 뜻대로 잘되지 않는다. 그녀는 도대체 무엇이 잘못된 것일까?",,37,2021,"강서희,박세재,여민구",https://ssl.pstatic.net/imgmovie/mdi/mit110/2115/211599_P03_105729.jpg,"http://file.koreafilm.or.kr/thm/01/copy/00/59/95/tn_DST753013.jpg,http://file.koreafilm.or.kr/thm/01/copy/00/59/95/tn_DST753014.jpg,http://file.koreafilm.or.kr/thm/01/copy/00/59/95/tn_DST753015.jpg,http://file.koreafilm.or.kr/thm/01/copy/00/59/95/tn_DST753016.jpg,http://file.koreafilm.or.kr/thm/01/copy/00/59/94/tn_DST753012.jpg"
2021,서울독립영화제,벗어날 탈 脫,서보형,새로운선택,,드라마,"깨달음을 얻고자 모든 관계를 단절하고 단식과 백팔배, 좌선에만 매달리는 영목에게 어느 날부터 헛것이 보이기 시작한다. 한편, 전시를 앞둔 지우는 새 작업을 할 수 없어 괴롭다. 영감을 찾고 있는 그녀에게 한 남자의 이미지가 떠오른다.",,72,2021,"임호준,위지원,성용훈",https://ssl.pstatic.net/imgmovie/mdi/mit110/2097/209733_P01_110430.jpeg,"http://file.koreafilm.or.kr/thm/01/copy/00/60/28/tn_DST756515.jpg,http://file.koreafilm.or.kr/thm/01/copy/00/60/28/tn_DST756516.jpg,http://file.koreafilm.or.kr/thm/01/copy/00/60/28/tn_DST756517.jpg,http://file.koreafilm.or.kr/thm/01/copy/00/60/28/tn_DST756518.jpg,http://file.koreafilm.or.kr/thm/01/copy/00/60/28/tn_DST756519.jpg,http://file.koreafilm.or.kr/thm/01/copy/00/60/28/tn_DST756520.jpg"
2021,서울독립영화제,희수,감정원,새로운선택,,드라마,고등학교 중퇴 후 줄곧 염색 공단에서 일을 해 온 희수는 생애 첫 여행을 떠난다.,,75,2021,Gong Minjeong,https://ssl.pstatic.net/imgmovie/mdi/mit110/2037/203717_P01_102749.JPG,"http://file.koreafilm.or.kr/thm/01/copy/00/58/74/tn_DST739910.jpg,http://file.koreafilm.or.kr/thm/01/copy/00/58/74/tn_DST739911.jpg,http://file.koreafilm.or.kr/thm/01/copy/00/58/74/tn_DST739912.jpg,http://file.koreafilm.or.kr/thm/01/copy/00/58/74/tn_DST739913.jpg"
2021,서울독립영화제,낮에는 덥고 밤에는 춥고,박송열,본선 장편경쟁,,드라마,"넉넉지 못한 형편 때문에 젊은 부부는 힘든 시기를 보내고 있다. 둘 다 백방으로 직업을 찾고 있지만 그것도 쉽지 않다. 그러는 사이에 남편은 아는 형에게 빌려준 카메라를 떼어 먹힐 위기에 처하고, 아내는 가계를 챙기려 사채를 빌려 썼다가 궁지에 몰린다. 사정상 험악한 일이 벌어지거나 막다른 길에 다다를 것만 같은데, 영화는 완전히 예상 밖의 태도와 재기로 이 곤경을 다룬다. 이 부부의 대화와 시선과 표정과 동작과 자세, 그리고 이것들을 담아내는 화면의 조도와 밀도는 해괴한 유머와 쓸쓸한 정서를 동시에 일으키며 관객을 흡수한다.  낮에는 덥고 밤에는 춥고 는 궁핍의 일상을 기이한 웃음의 터치로 어루만지는 희귀한 도덕적 희극이다. 마지막 장면, 그의 어떤 무력한 포기가 우리를 끝내 감동시킨다. (정한석)",,90,2021,"원향라,박송열",https://ssl.pstatic.net/imgmovie/mdi/mit110/2097/209731_P02_111103.jpg,"http://file.koreafilm.or.kr/thm/01/copy/00/59/13/tn_DST743892.jpg,http://file.koreafilm.or.kr/thm/01/copy/00/59/13/tn_DST743893.jpg,http://file.koreafilm.or.kr/thm/01/copy/00/59/13/tn_DST743894.jpg,http://file.koreafilm.or.kr/thm/01/copy/00/59/13/tn_DST743895.jpg,http://file.koreafilm.or.kr/thm/01/copy/00/59/13/tn_DST743896.jpg"
2021,서울독립영화제,로그 인 벨지움,유태오,페스티벌 초이스,,인물,"“네 안의 누군가가 널 지켜줄 거야”팬데믹 선포로 벨기에 앤트워프 낯선 호텔에 고립된 배우 유태오,영화라는 감수성이 통한 가상의 세계에서 찾은 진짜 유태오의 오프 더 레코드OFF THE REC. TEO로그 인 벨지움",전체관람가,65,2021,Yu Tae-o,https://ssl.pstatic.net/imgmovie/mdi/mit110/2084/208462_P28_113238.jpg,"http://file.koreafilm.or.kr/thm/01/copy/00/59/43/tn_DST747295.jpg,http://file.koreafilm.or.kr/thm/01/copy/00/59/43/tn_DST747296.jpg,http://file.koreafilm.or.kr/thm/01/copy/00/59/43/tn_DST747297.jpg,http://file.koreafilm.or.kr/thm/01/copy/00/59/77/tn_DST751165.jpg,http://file.koreafilm.or.kr/thm/01/copy/00/59/77/tn_DST751188.jpg,http://file.koreafilm.or.kr/thm/01/copy/00/59/77/tn_DST751189.jpg,http://file.koreafilm.or.kr/thm/01/copy/00/59/77/tn_DST751190.jpg,http://file.koreafilm.or.kr/thm/01/copy/00/59/77/tn_DST751191.jpg,http://file.koreafilm.or.kr/thm/01/copy/00/59/77/tn_DST751192.jpg,http://file.koreafilm.or.kr/thm/01/copy/00/59/77/tn_DST751193.jpg"
2021,서울독립영화제,같은 속옷을 입는 두 여자,김세인,본선 장편경쟁,,드라마,"엄마 수경(양말복)과 딸 이정(임지호)은 단둘이 살고 있지만 사이가 좋지 않다. 수경은 지나칠 정도로 다혈질인 데 반해 이정은 너무 느리고 소극적이다. 어느 날 다툼이 있고 난 뒤 수경의 차가 이정을 향해 돌진하는 일이 벌어지자, 이정은 엄마가 고의로 자신을 치려했다 생각하고, 이 일은 법정까지 간다. 모녀 사이의 갈등 자체가 희귀한 소재는 아니지만, 이 영화는 기나긴 감정적 혈투를 이어가면서도 동시에 예민한 정서적 설득력을 발휘하는 희귀한 사례에 속한다. 생생한 캐릭터와 연기, 역동적인 내러티브, 복병 같은 유머, 적재적소의 조연들, 예리하게 관찰된 디테일, 그리고 질문으로서의 결론부에 이르기까지,  같은 속옷을 입는 두 여자 는 괴력과 완력으로 관객을 끌고 간다. 가족이란 무엇인가. 그 오래된 난제에 관하여 신랄하게 묻는다. (정한석)",,140,2021,"임지호,양말복",https://ssl.pstatic.net/imgmovie/mdi/mit110/2100/210039_P01_094113.png,"http://file.koreafilm.or.kr/thm/01/copy/00/59/12/tn_DST743865.jpg,http://file.koreafilm.or.kr/thm/01/copy/00/59/12/tn_DST743866.jpg,http://file.koreafilm.or.kr/thm/01/copy/00/59/12/tn_DST743867.jpg,http://file.koreafilm.or.kr/thm/01/copy/00/59/12/tn_DST743868.jpg,http://file.koreafilm.or.kr/thm/01/copy/00/59/12/tn_DST743869.jpg"
2021,서울독립영화제,서바이벌 택틱스,박근영,새로운선택,,드라마,"두 명의 쌍둥이 여자와 한 명의 남자, 한 마리의 개와 한 통의 편지가 나온다. 그들은 각자의 삶을 살아가지만 때에 따라 서로 동행을 하기도, 또 서로에게서 도망을 치기도 한다. 누군가는 다리를 잃고, 누군가는 죽는다. 시간과 공간과 계절, 거짓과 사실이 뒤 섞인 여정 속에서 서로가 서로에 대해 짐작하지만 그 짐작들은 모두 빗나간다. 그들의 여정과 그들 자신은 알 수 없는 모호함으로 가득하지만 계속해서 나아간다.",,114,2021,"성령,최원용,계영호",https://ssl.pstatic.net/imgmovie/mdi/mit110/2115/211588_P01_103755.jpg,"http://file.koreafilm.or.kr/thm/01/copy/00/59/31/tn_DST746043.jpg,http://file.koreafilm.or.kr/thm/01/copy/00/59/31/tn_DST746044.jpg,http://file.koreafilm.or.kr/thm/01/copy/00/59/31/tn_DST746045.jpg,http://file.koreafilm.or.kr/thm/01/copy/00/59/31/tn_DST746046.jpg,http://file.koreafilm.or.kr/thm/01/copy/00/59/31/tn_DST746047.jpg"
2021,서울독립영화제,우수,오세현,페스티벌 초이스,,드라마,운영하던 사진관을 정리하려는 남자(윤제문)는 어느 날 철수가 죽었다는 연락을 받는다. 그는 철수의 장례식에 함께 갈 사람을 찾기 위해 지인들을 만나고 다닌다.,,79,2021,,https://ssl.pstatic.net/imgmovie/mdi/mit110/2097/209734_P01_110151.jpg,"http://file.koreafilm.or.kr/thm/01/copy/00/59/17/tn_DST744606.jpg,http://file.koreafilm.or.kr/thm/01/copy/00/59/17/tn_DST744607.jpg,http://file.koreafilm.or.kr/thm/01/copy/00/59/17/tn_DST744605.jpg"
2021,서울독립영화제,작은새와 돼지씨,김새봄,새로운선택,,인물,일상 속에서 그림과 시를 쓰며 예술적 삶을 영위하는 부부를 조명한 다큐멘터리,전체관람가,76,2021,"김춘나,김종석",https://ssl.pstatic.net/imgmovie/mdi/mit110/2017/201799_P02_123755.jpg,
2021,서울독립영화제,프랜시스 베이킹,노영미,뉴-쇼츠,,기타,,,,,,https://ssl.pstatic.net/imgmovie/mdi/mit110/2118/211811_P01_150808.jpg,
2021,서울독립영화제,말아,곽민승,페스티벌 초이스,,드라마,"코로나19가 창궐한 세상. 스물다섯 살 주리는 인간관계를 단절하고 집에 틀어박혀 사는 우울증 초기 상태다. 반면 주리의 엄마 영심은 어려운 시기에도 야무지게 김밥집을 운영하고 있다. 어느 날 영심은 주리의 할머니를 간병하기 위해 급히 시골로 내려가고, 주리는 예상치 못하게 영심의 김밥집을 맡게 된다.",12세관람가,75,2021,"심달기,정은경,박효원",https://ssl.pstatic.net/imgmovie/mdi/mit110/2041/204176_P01_161923.JPG,"http://file.koreafilm.or.kr/thm/01/copy/00/56/98/tn_DST722039.jpg,http://file.koreafilm.or.kr/thm/01/copy/00/56/98/tn_DST722040.jpg,http://file.koreafilm.or.kr/thm/01/copy/00/56/98/tn_DST722041.jpg,http://file.koreafilm.or.kr/thm/01/copy/00/56/98/tn_DST722042.jpg,http://file.koreafilm.or.kr/thm/01/copy/00/56/98/tn_DST722043.jpg,http://file.koreafilm.or.kr/thm/01/copy/00/56/98/tn_DST722044.jpg,http://file.koreafilm.or.kr/thm/01/copy/00/56/98/tn_DST722045.jpg,http://file.koreafilm.or.kr/thm/01/copy/00/56/98/tn_DST722046.jpg"
2021,서울독립영화제,불안은 영혼을 잠식한다,김동식,페스티벌 초이스,,"공포,판타지,스릴러","성근은 종훈을 최고의 야구선수로 키워내고자한다.어느날, 두 부자는 의문의 남자를 발견한다.",,39,2021,"장준휘,김아석,김최용준",https://ssl.pstatic.net/imgmovie/mdi/mit110/2060/206011_P01_183416.png,"http://file.koreafilm.or.kr/thm/01/copy/00/57/54/tn_DST727724.jpg,http://file.koreafilm.or.kr/thm/01/copy/00/57/54/tn_DST727725.jpg,http://file.koreafilm.or.kr/thm/01/copy/00/57/54/tn_DST727726.jpg,http://file.koreafilm.or.kr/thm/01/copy/00/57/54/tn_DST727727.jpg,http://file.koreafilm.or.kr/thm/01/copy/00/57/54/tn_DST727728.jpg"
2021,서울독립영화제,침묵보다 변화를,문창현,뉴-쇼츠,,기타,,,,,,https://ssl.pstatic.net/imgmovie/mdi/mit110/2118/211809_P01_151149.jpg,
2021,서울독립영화제,"집에서, 집으로",지혜원,본선 장편경쟁,,"사회,인물","애나, 한국 이름 김명희. 미국으로 입양된 지 43년 만에 한국을 방문한 그녀가 서해 바다의 외딴 섬 덕적도를 방문한다. 그곳에는 고아였던 그녀를 친자식처럼 키워 준 서재송, 인현애 부부가 살고 있다. 부부의 집에는 두 개의 특별한 방이 있다. 하나는 입양 보낸 아이들에 대한 기록을 보관하는 방이고 또 하나는 커서 한국을 방문한 입양인들이 고향집 삼아 잠시 머물다 떠나는 방이다. 1966년부터 30여 년을 입양아들의 위탁부모로 살았던 부부는 미국에서 온 가톨릭 신부와 함께 1600명의 아이들을 미국으로 입양 보냈다. 좋은 양부모를 만나 행복한 가정에서 살았으면 하는 마음에서 부부는 열네 살 소녀였던 김명희를 두 남동생들과 함께 미국으로 입양 보냈다. 그러나 그녀의 미국 생활은 노부부의 바람과는 정반대로 흘러갔고, 그녀는 43년 만에 처음으로 아픈 기억을 꺼내 놓는다.",,95,2021,"김명희,서재송,인현애",https://ssl.pstatic.net/imgmovie/mdi/mit110/2018/201819_P01_140825.png,"http://file.koreafilm.or.kr/thm/01/copy/00/59/94/tn_DST753008.jpg,http://file.koreafilm.or.kr/thm/01/copy/00/59/94/tn_DST753009.jpg,http://file.koreafilm.or.kr/thm/01/copy/00/59/94/tn_DST753010.jpg,http://file.koreafilm.or.kr/thm/01/copy/00/59/94/tn_DST753011.jpg,http://file.koreafilm.or.kr/thm/01/copy/00/59/94/tn_DST753007.jpg"
2021,서울독립영화제,컨버세이션,김덕중,본선 장편경쟁,,드라마,"은영(조은지)과 승진(박종환)을 중심으로 주변 인물들이 장면마다 등장하여 추억과 젊음, 연애와 사회, 혹은 아주 소소한 소재에 이르기까지 일상의 언어와 리듬으로 대화를 나눈다.",,120,2021,,https://ssl.pstatic.net/imgmovie/mdi/mit110/2097/209723_P01_134915.jpg,"http://file.koreafilm.or.kr/thm/01/copy/00/59/18/tn_DST744766.jpg,http://file.koreafilm.or.kr/thm/01/copy/00/59/18/tn_DST744767.jpg,http://file.koreafilm.or.kr/thm/01/copy/00/59/18/tn_DST744768.jpg,http://file.koreafilm.or.kr/thm/01/copy/00/59/18/tn_DST744769.jpg,http://file.koreafilm.or.kr/thm/01/copy/00/59/18/tn_DST744770.jpg"
2021,서울독립영화제,사진 이어 붙이기,강예솔,새로운선택,,실험,얼마 전 우리집 개가 오래된 사진 하나를 찢어 버렸다. 나는 찢어진 사진 조각을 보다가 마음이 불안해져 사진을 이어붙여 보기로 했다.,,10,2020,,https://ssl.pstatic.net/imgmovie/mdi/mit110/2037/203711_P00_092930.JPG,http://file.koreafilm.or.kr/thm/01/copy/00/58/75/tn_DST739988.jpg
2021,서울독립영화제,포옹,임흥순,페스티벌 초이스,,실험,"결혼식장에서 신랑 신부가 입맞춤한다. 축하하는 하객들은 모두 마스크를 착용하고 있지 않다. 의아하게 생각하는 영화인 A에게 친구 B는 여태 몰랐느냐며, 팬데믹이 완전히 종식됐다고 했다. 그 순간 A는 꿈에서 깨어난다. 팬데믹은 끝나지 않았고, 세상은 새로운 삶을 예측할 수 없는 미래를 향해 간다.",,75,2021,,https://ssl.pstatic.net/imgmovie/mdi/mit110/2037/203713_P01_104311.JPG,"http://file.koreafilm.or.kr/thm/01/copy/00/58/75/tn_DST740021.jpg,http://file.koreafilm.or.kr/thm/01/copy/00/58/75/tn_DST740022.jpg,http://file.koreafilm.or.kr/thm/01/copy/00/58/75/tn_DST740023.jpg,http://file.koreafilm.or.kr/thm/01/copy/00/58/75/tn_DST740024.jpg,http://file.koreafilm.or.kr/thm/01/copy/00/58/75/tn_DST740025.jpg,http://file.koreafilm.or.kr/thm/01/copy/00/58/75/tn_DST740026.jpg"
2021,서울독립영화제,만인의 연인,한인미,본선 장편경쟁,,드라마,"18살 유진(황보운)의 삶은 여러모로 척박하다. 가족 관계도, 가정 형편도, 교우 관계도 평탄해 보이는 것이 없다. 유진은 세상과 동떨어져 있는 무인도 같다. 그런 유진이 사랑에 빠진다. 그것도 삼각관계의 사랑에 빠진다. 유진은 어느 대학생 오빠를 좋아하게 되는데, 동시에 아르바이트를 함께 하는 동급생 남학생이 유진을 좋아하게 된다. 유진의 감정도 진심으로 둘 사이를 오간다.",,137,2021,,https://ssl.pstatic.net/imgmovie/mdi/mit110/2097/209729_P01_111801.jpg,"http://file.koreafilm.or.kr/thm/01/copy/00/59/17/tn_DST744632.jpg,http://file.koreafilm.or.kr/thm/01/copy/00/59/17/tn_DST744633.jpg,http://file.koreafilm.or.kr/thm/01/copy/00/59/17/tn_DST744634.jpg,http://file.koreafilm.or.kr/thm/01/copy/00/59/17/tn_DST744635.jpg,http://file.koreafilm.or.kr/thm/01/copy/00/59/17/tn_DST744636.jpg"
2021,서울독립영화제,소피의 세계,이제한,본선 장편경쟁,,드라마,"외국인 친구 소피(아나 루지에로)가 수영(김새벽)과 종구(곽민규)의 집에서 묵었던 나흘간의 시간을 그려낸다. 사랑하는 사이인 수영과 종구가 처했던 곤경, 소피가 한국에서 만난 사람들과 겪은 일들이 담담하게 그려진다.",,115,2021,"김새벽,곽민규,아나 루지에로",https://ssl.pstatic.net/imgmovie/mdi/mit110/2097/209727_P02_112359.jpeg,"http://file.koreafilm.or.kr/thm/01/copy/00/59/18/tn_DST744758.jpg,http://file.koreafilm.or.kr/thm/01/copy/00/59/18/tn_DST744759.jpg,http://file.koreafilm.or.kr/thm/01/copy/00/59/18/tn_DST744760.jpg"
2021,서울독립영화제,나랑 아니면,박재현,본선 단편경쟁,,드라마,"노년의 나이로 청소 일을 하고 있는 김수와 박원 부부. 코로나 전염 사태가 심각해지고, 마지막으로 남은 예식장마저 쉬게 된다. 오랜만에 집에서만 함께 있게 된 두 사람. 두 사람은 각자 다른 시간에, 시장 앞에서 사진을 인화해 주는 차량을 본 적 있었다.",,35,2021,"권민경,오강진",https://ssl.pstatic.net/imgmovie/mdi/mit110/2044/204470_P01_101540.JPG,"http://file.koreafilm.or.kr/thm/01/copy/00/56/32/tn_DST715346.jpg,http://file.koreafilm.or.kr/thm/01/copy/00/56/32/tn_DST715347.jpg,http://file.koreafilm.or.kr/thm/01/copy/00/56/32/tn_DST715348.jpg,http://file.koreafilm.or.kr/thm/01/copy/00/56/32/tn_DST715349.jpg,http://file.koreafilm.or.kr/thm/01/copy/00/56/32/tn_DST715350.jpg,http://file.koreafilm.or.kr/thm/01/copy/00/56/32/tn_DST715351.jpg"
2021,서울독립영화제,206: 사라지지 않는,허철녕,페스티벌 초이스,,역사,"2005년 국가기구로 출범한 ′진실•화해를위한과거사정리위원회′가 해체되고 나자 정부가 못다 한 임무를 완수하려는 시민단체와 유족이 모여 2014년 ′한국 전쟁기 민간인학살 유해발굴 공동조사단′을 꾸린다.  206: 사라지지 않는 은 공동조사단의 유해발굴 현장을 3년간 촬영한, 햇볕과 흙먼지와 땀의 기록이다. 영화는 할머니에게 보내는 감독의 편지로 시작된다. 한국전쟁기에 경찰에 끌려가 돌아오지 않은 남편을 10년간 기다린 할머니. 유해로도 돌아오지 않았으니 그 기다림만 70년이다. 감독의 긴 여행은 그렇게 시작되었고, 이 여정은 어떻게든 끝나지 않을 것이다.  망각이란 없다.  영화는 발굴된 유골 사진과 할머니의 부고 앞에 바르트의 「애도일기」에서 가져온 한 구절을 바치는 것으로 끝을 맺는다. 역사의 상흔을 직접 목도하려는 현장 다큐이자 감독의 애도 일지. (강소원)",,93,2021,"김장호,김광욱,박선주",https://ssl.pstatic.net/imgmovie/mdi/mit110/2097/209778_P01_151509.jpg,"http://file.koreafilm.or.kr/thm/01/copy/00/59/12/tn_DST743870.jpg,http://file.koreafilm.or.kr/thm/01/copy/00/59/12/tn_DST743871.jpg,http://file.koreafilm.or.kr/thm/01/copy/00/59/12/tn_DST743872.jpg,http://file.koreafilm.or.kr/thm/01/copy/00/59/12/tn_DST743873.jpg"
2021,부산독립영화제,환호성,정재훈,Deep Focus,,드라마,"한 남자가 있다. 그는  온 힘을 다해 일터와 집을 오간다.  이 젊은 남자는 여름에는 당구장에서 서빙과 당구대 관리, 손님 접대를 한다. 무더운 여름밤에 낡은 빌라 옥상에서 담배를 피우며 하루를 마감한다. 겨울 추위 속에서 겹겹이 옷을 껴입고 세차장에서 세차를 한다. 그리고 가로등 불빛에 의존해 고양이를 동무 삼아 어두운 골목길을 걸어 집으로 돌아온다. 계절의 변화 속에도 변함없이 일터와 집을 오가는 남자는 하루의 대부분을 지치도록 일을 한다. 더위와 함께 낡은 집에서 휴식을 취하고, 목도리를 머리에 감고 옷을 껴입은 채 겨울 아침에 잠을 깨야 하는 계절의 변화만 그에게 있다. 영화는 극영화와 다큐멘터리의 경계에서  한 남자가 온 힘을 다해 일터와 집을 오가는  것을 보여 준다",,74,2011,,https://ssl.pstatic.net/imgmovie/mdi/mit110/0867/86787_P01_174610.jpg,
2021,부산독립영화제,남남,고경수,로컬투로컬,,"드라마,동성애","기타를 멘 민철이 산에 올라가고, 현진은 헉헉대며 그와 발을 맞춘다.",,22,2021,"김우택,곽민규",https://ssl.pstatic.net/imgmovie/mdi/mit110/2041/204158_P01_174828.JPG,"http://file.koreafilm.or.kr/thm/01/copy/00/57/55/tn_DST727853.jpg,http://file.koreafilm.or.kr/thm/01/copy/00/57/55/tn_DST727854.jpg,http://file.koreafilm.or.kr/thm/01/copy/00/57/55/tn_DST727855.jpg,http://file.koreafilm.or.kr/thm/01/copy/00/57/55/tn_DST727856.jpg,http://file.koreafilm.or.kr/thm/01/copy/00/57/55/tn_DST727857.jpg"
2021,부산독립영화제,시간의 고고학,김응수,로컬투로컬,,기타,,,,,,https://ssl.pstatic.net/imgmovie/mdi/mit110/2111/211194_P01_143020.jpeg,
2021,부산독립영화제,도돌이 언덕에 난기류,정재훈,Deep Focus,,"지역,자연ㆍ환경","등장인물은 다음과 같다. 수렵인 1, 2, 3, 4. 취부사, 용접공, 사상공. 쭈쭈, 딘, 아하.",,212,2017,,https://ssl.pstatic.net/imgmovie/mdi/mit110/1614/161406_P01_150640.png,"http://file.koreafilm.or.kr/thm/01/copy/00/50/28/tn_DSAT016967.jpg,http://file.koreafilm.or.kr/thm/01/copy/00/50/28/tn_DSAT016968.jpg,http://file.koreafilm.or.kr/thm/01/copy/00/50/28/tn_DSAT016969.jpg"
2021,부산독립영화제,러닝 포토스,김나영,포럼,,실험,"장 뤽 고다르의 1962년작  비브르 사 비 의 한 장면에서 출발해, 여러 영화 속 인물들의 달리기가 이어진다.",,6,2015,,https://ssl.pstatic.net/imgmovie/mdi/mit110/1445/144524_P01_152503.jpg,"http://file.koreafilm.or.kr/thm/01/copy/00/50/94/tn_DST649095.jpg,http://file.koreafilm.or.kr/thm/01/copy/00/50/94/tn_DST649096.jpg,http://file.koreafilm.or.kr/thm/01/copy/00/50/94/tn_DST649097.jpg"
2021,부산독립영화제,월간-할매,김지곤,포럼,,기타,,,,,,https://ssl.pstatic.net/imgmovie/mdi/mit110/2111/211192_P01_143838.jpeg,
2021,부산독립영화제,버스를 타라,김정근,포럼,,"사회,인권","SNS와 희망버스는 2011년, 새로운 운동에 물꼬를 텄다. 공고하고 일방적이던 언론을 균열내었고, 오만하던 정치권과 재계에 각성을 요구했다. 높다란 한진중공업의 담장을 (휴대전화와 사다리로) 넘어섰으며, 차벽에 가로막힌 영도 봉래교차로에서 물대포를 맞으며 밤을 지샜고 청학수변공원에서는 집회가 축제가 되는 순간도 맞이했다. 소위 조직된 운동권과 조직되지 않던 일반 시민들의 접점이었으며 익명성의 축제가 통성명을 전제로 하는 ‘만남의 장’이 되기도 했다. 희망버스는 점차 진화했고 누구나 참여가 가능한 거대한 난장판이 되었다. 다시, 제자리에 선 희망버스. 과연 어떻게 진화할까. 기획의도  한진 중공업 사태로 촉발된 희망버스에 지켜보면서 굳어있던 우리 사회의 단단한 편견이 조금은 말랑해지고 조금은 환해지는 희망을 품었습니다. 그 희망의 단초를 많은 이들과 함께 나누고 얘기하고 싶습니다. 그리고 다시금 희망버스에 오르고 싶습니다.  16회 인천인권영화제(2011) 초청상영작",15세관람가,80,2012,,https://ssl.pstatic.net/imgmovie/mdi/mit110/0926/92638_P05_180410.jpg,"http://file.koreafilm.or.kr/thm/01/copy/00/41/89/tn_DSAT011593.jpg,http://file.koreafilm.or.kr/thm/01/copy/00/41/89/tn_DSAT011594.jpg,http://file.koreafilm.or.kr/thm/01/copy/00/41/89/tn_DSAT011595.jpg,http://file.koreafilm.or.kr/thm/01/copy/00/41/89/tn_DSAT011596.jpg"
2021,부산독립영화제,상냥한 쪽으로,정재훈,Deep Focus,,드라마,연인 사이인 윤과 철은 동네에 있는 산에 올라가 좋은 하루를 보내려 한다. 그러나 갑자기 철에게 사나운 마음이 생긴다. 윤은 그동안 쌓인 서운한 마음이 터져 나온다.,,23,2013,Jo Hyeoncheol,,http://file.koreafilm.or.kr/thm/01/copy/00/50/38/tn_DSKT305166.jpg
2021,부산독립영화제,차별,김지운,스펙트럼 부산 - 나우,,사회,2013년부터 실시된 일본의 고교무상화 정책. 하지만 유일하게 조선 고급학교 10개교만이 이 정책에서 제외된다. 이유는 무상화 지원금이 조총련 등에 의해 유용될 의혹이 있다는 것. 이에 반발한 5개교의 조선 고급학교가 2013년 국가를 상대로 손해배상 소송을 청구한다. 4년간의 심리 끝에 2017년 7월 19일 히로시마 조선 고급학교를 시작으로 1심 판결이 내려진다.,,84,2021,,,"http://file.koreafilm.or.kr/thm/01/copy/00/59/06/tn_DST743206.jpg,http://file.koreafilm.or.kr/thm/01/copy/00/59/06/tn_DST743207.jpg,http://file.koreafilm.or.kr/thm/01/copy/00/59/06/tn_DST743208.jpg,http://file.koreafilm.or.kr/thm/01/copy/00/59/06/tn_DST743209.jpg,http://file.koreafilm.or.kr/thm/01/copy/00/59/06/tn_DST743210.jpg"
2021,부산독립영화제,체온,유상곤,스펙트럼 부산 - 리와인드,,드라마,"노인은 정신나간 딸을 오토바이에 태운 채 한적한 길을 달린다. 갑작스레 소낙비가 내리고 그들은 운동장 옆 처마에서 비를 피한다. 노인은 딸의 젖은 머리를 닦고, 물을 먹여주고는 돌아서서 비오는 운동장을 바라보며 깊은 회한에 젖는다. 연출의도. 순간의 인상을 영화적 형태로 구체화하려는 시도를 했다. 인상 뒤에 수많은 세월과 경험적 가치와 창작적 욕구가 수반된다. 이는 다양한 방식으로 표현될 수 있는 자유로움으로 전개하려 했다.",15세미만불가,8,1998,"박차연,이갑룡,정혜경",https://ssl.pstatic.net/imgmovie/mdi/mit110/0352/35237_P02_170824.jpg,"http://file.koreafilm.or.kr/thm/01/copy/00/36/39/tn_DSKT150531.jpg,http://file.koreafilm.or.kr/thm/01/copy/00/36/39/tn_DSKT150532.jpg"
2021,부산독립영화제,집,이정애,스펙트럼 부산 - 리와인드,,실험,5층짜리 서민아파트에 오래 전부터 비어 있는 집이 있다. 30대 중반의 비슷한 나이 또래인 여자1과 여자2는 하루의 어느 시간 동안을 빈집에서 홀로 지낸다. 빈집의 맞은 편 집에 살고 있는 여자1은 출산 후 우울증에 시달리며 혼자서 몰래 담배를 피우는 등 자신의 은신처이자 안식처로 빈집을 이용한다. 과거의 어떤 상처로 인해 정신적인 장애를 겪고 있는 여자2는 하루의 대부분의 시간을 길에서 지내다 주로 잠을 자는 휴식처로 빈집을 이용하곤 한다.여자1과 여자2는 각자 하루의 어느 시간만을 빈집에서 홀로 지내게 되는데 서로 부딪히는 일이 없이 자신만의 독립적인 공간과 시간을 빈집에서 누린다. 하지만 두 사람이 빈집을 드나드는 횟수가 늘어나면서 서로가 남긴 여러 가지의 흔적들로 인해 여자1과 여자2는 상대의 존재감을 조금씩 인식하게 된다. 여자1은 여자2가 남긴 흔적들을 제거해 나가면서 빈집에 대한 집착을 떨쳐 버리지 못한 채 점점 심리적으로 불안해져 가는 반면 여자2는 여자1이 남긴 흔적들을 발견하면서부터 서서히 평온감을 찾아간다.  b  연출의도  /b   이 영화는 '빈집'이라는 공간에서 각자 다르게 살아가는 두 여자의 이야기를 다룬다. 두 사람은 비슷한 나이 또래이지만 살아 온 경험이나 현재 살아가는 방식이 무척 다르고 그래서 각자 빈집을 드나드는 시간이나 빈집을 이용하는 기능면에서도 차이가 있다. 하지만 두 인물 모두 빈집에서 추구하고자 하는 것은 '또 하나의 집'에 대한 갈망이다. 어느 누구의 소유물도 아닌 '빈집'이라는 자기 밖의 공간에서 두 인물은 자기 나름대로의 위안과 평화를 찾기도 하고 때로는 아픔의 흔적을 드러내기도 하며 서로 다른 자기만의 '집'을 꿈꾼다. 그러나 두 인물에게 있어서 '빈집'은 그야말로 '빈집'일 뿐이며 한시적으로 스쳐 가는 공간과 시간일 뿐이다. '집을 그리워하는 욕망'과 '집으로부터 벗어나고자 하는 욕망'을 동시에 지니고 있는 두 인물에게 있어서 '집으로부터 벗어나고자 하는 욕망'은 각자의 흘러간 시간이면서 현재의 시간까지 버티고 있는 '집'과 연관된 각자의 상흔이다. 영화  집 은 '빈집'이라는 다소 낯선 공간 속에서 대비되지만 동질적인 두 인물의 상황과 심리를 통하여 '집'이 갖는 존재감과 '집'의 성질을 침착하게 관찰하고자 하는 영화이다. '집'은 사람이 사는 물리적인 공간이자 인간의 생활방식이나 의식을 다스리는 철학적인 공간이기도 하다. '집'은 인간관계 형성의 가장 근원적인 역할을 담당하면서도 동시에 인간관계의 균형을 깨뜨리는 수많은 질곡을 생산하기도 한다. 그러기에 '집'은 인간의 의식과 무관하게 '본래적으로' 존재하는 것도 아니며 단지 의식주만을 해결하는 공간도 아니다. 수많은 사람들이 '집'을 꿈꾸며 '집 안'으로서의 '집'의 개념에 기대어 왔다. 이 영화에서는 '집'에 대한 또 하나의 의미와 시각으로 '집 안 팎'으로서의 '집'을 꿈꾸기를 기대하며 우리에게 이미 익숙해진 '집'의 의미를 탈색시키고자 하였다.,,21,2000,"윤순심,김보영",,"http://file.koreafilm.or.kr/thm/01/copy/00/36/43/tn_DSKT150861.jpg,http://file.koreafilm.or.kr/thm/01/copy/00/36/43/tn_DSKT150862.jpg,http://file.koreafilm.or.kr/thm/01/copy/00/36/43/tn_DSKT150864.JPG"
2021,부산독립영화제,사랑의 여름,이성욱,Made in Busan,,기타,,,,,,https://ssl.pstatic.net/imgmovie/mdi/mit110/2111/211198_P01_140606.jpeg,
2021,부산독립영화제,10월의 이름들,이동윤,포럼,,"역사,사회",,,97,2021,,https://ssl.pstatic.net/imgmovie/mdi/mit110/2097/209779_P03_151109.png,"http://file.koreafilm.or.kr/thm/01/copy/00/59/20/tn_DST744941.jpg,http://file.koreafilm.or.kr/thm/01/copy/00/59/20/tn_DST744942.jpg,http://file.koreafilm.or.kr/thm/01/copy/00/59/20/tn_DST744943.jpg,http://file.koreafilm.or.kr/thm/01/copy/00/59/20/tn_DST744944.jpg"
2021,부산독립영화제,그들은 우리의 응시에 응답한다,백종관,로컬투로컬,,기타,,,,,,https://ssl.pstatic.net/imgmovie/mdi/mit110/2084/208472_P01_105532.jpg,
2021,부산독립영화제,시간이 되돌리는 시간,전준혁,로컬투로컬,,실험,"2019년 여름, 그의 가족들이 떠난 여행은, 그들의 아버지와 남편, 혹은 장인과 함께 한 마지막 여행이 되었다. 나의 장인은 2021년 눈이 오던 1월의 어느날 세상을 떠나셨다. 아내와 함께 장인의 생전모습이 기록된 사진과 영상들을 찾아보다가 2년전 여름, 그 여행의 기록에 시선이 멈췄다. 그의 신체는 우리와 함께 있었지만 종종 그의 정신은 우리가 닿을 수 없는 곳에 가 있었다. 그는 무엇을 보고 있었을까, 그의 시간은 어떻게 흐르고 있었을까. 이 작품의 시간은 전체적으로 앞으로 나아가지만 프레임 단위에서는 반대로 계속해서 회귀한다. 8프레임, 11프레임, 14프레임씩 뒷걸음질 치는 영화적 시간은 치매에 걸린 그가 시간을 경험하는 방식과 맞닿는다. 앞에서 밀려드는 기차의 풍경처럼 그는 앞으로 나아가는 시간을 몸으로 견뎌내지만 그의 기억은 계속해서 뒷걸음질친다.",,17,2021,,https://ssl.pstatic.net/imgmovie/mdi/mit110/2092/209222_P01_162706.jpg,"http://file.koreafilm.or.kr/thm/01/copy/00/58/92/tn_DST741772.jpg,http://file.koreafilm.or.kr/thm/01/copy/00/58/92/tn_DST741773.jpg"
2021,부산독립영화제,"그래도, 화이팅!",김준석,로컬투로컬,,코메디,"출산을 앞두고 있는 준석과 소라 부부의 주말 아침은 분주하다. 주중엔 직장에, 주말엔 배달 일에 나서는 준석은 지친 기색 하나 없이 흥이 넘친다. 캐릭터의 개성과 미묘한 유머, 이들 커플의 절묘한 합으로 빼곡히 채워진 가난하고 유쾌한 부부의 어떤 하루.",,20,2021,"김준석,손소라",,"http://file.koreafilm.or.kr/thm/01/copy/00/59/19/tn_DST744826.jpg,http://file.koreafilm.or.kr/thm/01/copy/00/59/19/tn_DST744827.jpg,http://file.koreafilm.or.kr/thm/01/copy/00/59/19/tn_DST744828.jpg,http://file.koreafilm.or.kr/thm/01/copy/00/59/19/tn_DST744829.jpg,http://file.koreafilm.or.kr/thm/01/copy/00/59/19/tn_DST744830.jpg"
2021,부산독립영화제,석대천에 백조가 있을까?,이승화,개막작,,드라마,"중학생 서은이는 부모님의 이혼 후 자주 만나지 못하는 엄마에게 서운하지만 티 내지 못한다. 그렇게 평소처럼 친구와 학교를 가던 어느 날, 자주 갔던 석대천에서 백조를 봤던 기억이 떠오르고 같이 있었던 친구에게 이야기하지만 둘은 서로를 이해하지 못한다.",,20,2021,,https://ssl.pstatic.net/imgmovie/mdi/mit110/2112/211202_P01_134009.jpeg,"http://file.koreafilm.or.kr/thm/01/copy/00/59/84/tn_DST751913.jpg,http://file.koreafilm.or.kr/thm/01/copy/00/59/84/tn_DST751914.jpg,http://file.koreafilm.or.kr/thm/01/copy/00/59/84/tn_DST751912.jpg"
2021,부산독립영화제,"생, 가(歌)",김영효,Made in Busan,,기타,,,,,,https://ssl.pstatic.net/imgmovie/mdi/mit110/2037/203766_P01_154740.jpg,
2021,부산독립영화제,은영이의 XXX,서한솔,Made in Busan,,기타,,,,,,https://ssl.pstatic.net/imgmovie/mdi/mit110/2112/211200_P01_135607.png,
2021,부산독립영화제,이별값,오가희,Made in Busan,,기타,,,,,,https://ssl.pstatic.net/imgmovie/mdi/mit110/2111/211199_P01_140129.png,
2021,부산독립영화제,대영약국,김종한,Made in Busan,,기타,,,,,,https://ssl.pstatic.net/imgmovie/mdi/mit110/2111/211197_P02_140925.png,
2021,부산독립영화제,그림의 커피,홍혜린,Made in Busan,,기타,,,,,,https://ssl.pstatic.net/imgmovie/mdi/mit110/2111/211196_P01_141822.jpeg,
2021,부산독립영화제,"짧은 여행의 기록, 광주",김백준,포럼,,드라마,"'한 번은 광주를 가야지’하고 마음먹고 있었다. 하지만 선뜻 기회가 오질 않았다. 친구의 연락으로 우연히 광주로 가게 되는 남자. 그에게 광주는 항상 우울하고 잿빛의 도시로 기억된다. 어렴풋한 기억에 의지한 채 남자는 지금, 1980년 5월의 광주를 느끼려고 한다. 그러나 쏟아지는 햇살로 인해 무산되어 버리고 만다. 요즘 누가 망월동엘 가냐, 5월도 아닌데.” 1980년 5월의 광주를 느끼고자 광주로 여행을 간 주인공은 친구의 비아냥에도 불구, 망월동을 찾는다. 국립묘지처럼 단장된 망월동 묘지에서 그는 무엇을 보았을까. 카메라는 담담하게 서울행 버스에 오르는 주인공을 비춘다.",,16,2001,"유성주,조창주",,http://file.koreafilm.or.kr/thm/01/copy/00/36/60/tn_DSKT152254.jpg
2021,부산독립영화제,철선,김지곤,스펙트럼 부산 - 나우,,"지역,역사","경상남도 산청군 경호강변에는 한센인들이 거주하는 성심원이 자리 잡고 있다. 한국 전쟁 이후 구호물자를 처분해 구매한 강변의 땅이 한센인들에게 소중한 정착지가 되었고, 경호강 이편과 저편을 잇는 성심교가 놓이기 전까지 나룻배 '철선'만이 그들이 세상과 소통할 수 있는 유일한 통로였다. 현재 성심원 한 편에서 쉬고 있는 이  조그만 철판때기 배 에는 시린 세월이 배어있다.",,76,2021,,https://ssl.pstatic.net/imgmovie/mdi/mit110/2097/209761_P04_101159.jpg,"http://file.koreafilm.or.kr/thm/01/copy/00/59/20/tn_DST744957.jpg,http://file.koreafilm.or.kr/thm/01/copy/00/59/20/tn_DST744958.jpg,http://file.koreafilm.or.kr/thm/01/copy/00/59/20/tn_DST744954.jpg,http://file.koreafilm.or.kr/thm/01/copy/00/59/20/tn_DST744955.jpg,http://file.koreafilm.or.kr/thm/01/copy/00/59/20/tn_DST744956.jpg"
2021,부산독립영화제,우리의 낮과 밤,김소형,로컬투로컬,,"드라마,멜로/로맨스","낮에 일하는 지영과 밤에 일하는 우철은 함께 살고 있다. 두 사람이 유일하게 만날 수 있는 시간은 우철이 퇴근하고 온, 지영이 출근을 준비하는 아침 7시부터 8시 사이 딱 한 시간이다.",,26,2020,"김우겸,김소형",https://ssl.pstatic.net/imgmovie/mdi/mit110/1949/194957_P01_135714.png,"http://file.koreafilm.or.kr/thm/01/copy/00/54/56/tn_DST694263.jpg,http://file.koreafilm.or.kr/thm/01/copy/00/54/56/tn_DST694264.jpg,http://file.koreafilm.or.kr/thm/01/copy/00/54/56/tn_DST694265.jpg,http://file.koreafilm.or.kr/thm/01/copy/00/54/56/tn_DST694266.jpg,http://file.koreafilm.or.kr/thm/01/copy/00/54/56/tn_DST694267.jpg,http://file.koreafilm.or.kr/thm/01/copy/00/54/56/tn_DST694268.jpg"
2021,부산독립영화제,해돋이,김태휘,로컬투로컬,,기타,,,,,,https://ssl.pstatic.net/imgmovie/mdi/mit110/2077/207763_P01_164052.jpeg,
2021,부산독립영화제,오후 풍경,손구용,로컬투로컬,,실험,어느 오후의 풍경 사이로 한 여자가 사진을 찍으러 다닌다.,,73,2021,,https://ssl.pstatic.net/imgmovie/mdi/mit110/2084/208418_P01_102850.jpg,"http://file.koreafilm.or.kr/thm/01/copy/00/57/74/tn_DST729742.jpg,http://file.koreafilm.or.kr/thm/01/copy/00/57/74/tn_DST729741.jpg"
2021,부산독립영화제,미스터 장,장병기,로컬투로컬,,기타,,,,,,https://ssl.pstatic.net/imgmovie/mdi/mit110/2111/211193_P01_143449.png,
2021,부산독립영화제,평평남녀,김수정,스펙트럼 부산 - 나우,,기타,,,,,,https://ssl.pstatic.net/imgmovie/mdi/mit110/2062/206217_P01_101931.jpg,
2021,부산독립영화제,바람의 아이,김동명,Made in Busan,,"뮤직,드라마","1945년 일본의 패전 후 내지(일본 본토)로 돌아가지 못한 일본인 소녀가, 식민 지배의 상처를 안고 살고 있는 지선과 가족이 되어가는 과정을 뮤지컬로 그린다.",,75,2021,"염문경,김보경,강주리",https://ssl.pstatic.net/imgmovie/mdi/mit110/2111/211195_P01_142259.jpeg,"http://file.koreafilm.or.kr/thm/01/copy/00/59/84/tn_DST751895.jpg,http://file.koreafilm.or.kr/thm/01/copy/00/59/84/tn_DST751896.jpg,http://file.koreafilm.or.kr/thm/01/copy/00/59/84/tn_DST751897.jpg"
2021,부산독립영화제,영 아일랜드,김종한,포럼,,기타,,,,,,https://ssl.pstatic.net/imgmovie/mdi/mit110/1445/144528_P01_153946.jpg,
2021,부산독립영화제,호수길,정재훈,Deep Focus,,"지역,자연ㆍ환경","햇빛이 가득한 산동네. 동네에는 나무도 있고, 사람도 있고, 동물도 있고, 집도 있다. 어느 밤, 동네에 알 수 없는 빛이 번쩍인다. 서울의 골목길의 변화와 골목길 사람의 삶을 그린 내용임",12세관람가,72,2009,,https://ssl.pstatic.net/imgmovie/mdi/mit110/0701/70143_P04_120713.jpg,"http://file.koreafilm.or.kr/thm/01/copy/00/42/19/tn_DSAT011912.jpg,http://file.koreafilm.or.kr/thm/01/copy/00/42/19/tn_DSAT011913.jpg,http://file.koreafilm.or.kr/thm/01/copy/00/42/19/tn_DSAT011914.jpg,http://file.koreafilm.or.kr/thm/01/copy/00/42/19/tn_DSAT011915.jpg,http://file.koreafilm.or.kr/thm/01/copy/00/42/19/tn_DSAT011916.jpg"
2021,부산독립영화제,고양이는 자는 척을 할까,장윤미,로컬투로컬,,실험,"이미지는 고이고, 이야기는 흐른다.",,16,2020,,https://ssl.pstatic.net/imgmovie/mdi/mit110/1996/199678_P01_170048.jpg,"http://file.koreafilm.or.kr/thm/01/copy/00/58/90/tn_DST741523.jpg,http://file.koreafilm.or.kr/thm/01/copy/00/58/90/tn_DST741524.jpg,http://file.koreafilm.or.kr/thm/01/copy/00/58/90/tn_DST741525.jpg,http://file.koreafilm.or.kr/thm/01/copy/00/58/90/tn_DST741526.jpg"
2021,부산독립영화제,추격의 목적,손호목,Made in Busan,,기타,,,,,,https://ssl.pstatic.net/imgmovie/mdi/mit110/2112/211201_P01_134339.png,
2021,부산독립영화제,태안,구자환,로컬투로컬,,역사,한국전쟁시 태안에서 벌어진 학살 사건을 다루는 다큐멘터리 영화,15세관람가,91,2020,"김영오,강희권",https://ssl.pstatic.net/imgmovie/mdi/mit110/1975/197524_P01_163318.jpeg,
2021,부산독립영화제,장학생,장주선,로컬투로컬,,드라마,고등학생 희원은 저소득층 장학금을 받기 위해 자신의 처지를 증명해 줄 서류를 발급받아야 하지만 좀처럼 쉽지 않다.,,28,2021,"조예주,박희은,권민희",https://ssl.pstatic.net/imgmovie/mdi/mit110/2080/208022_P01_171632.jpg,http://file.koreafilm.or.kr/thm/01/copy/00/58/62/tn_DST738718.jpg
2021,부산독립영화제,나들이,김선경,스펙트럼 부산 - 리와인드,,,무더운 여름날 엄마와 만삭의 딸은 집을 구하기 위해 길을 나선다. 짧지만 즐겁지 않은 나들이를 통해 서로에 대한 애정을 확인하고 교감하게 되는 모녀 이야기,,15,2001,,https://ssl.pstatic.net/imgmovie/mdi/mit110/0361/36126_P01_183316.jpg,
2021,부산독립영화제,운동회,김진태,포럼,,"드라마,코메디,가족",중년의 가장 철구는 갑작스런 해직 통보를 받게 된다. 취직자리 알아보는 것도 여의치 않은데 그의 가족들 각자의 사정도 만만치 않다. 다양한 캐릭터로 전개되는 집단 드라마의 균형감을 유지하며 삶의 긍정을 쾌활하게 응시하는 영화.,,75,2016,"양지웅,김수안,이정비",https://ssl.pstatic.net/imgmovie/mdi/mit110/1378/137855_P07_110910.jpg,"http://file.koreafilm.or.kr/thm/01/copy/00/55/16/tn_DST700485.jpg,http://file.koreafilm.or.kr/thm/01/copy/00/55/16/tn_DST700486.jpg,http://file.koreafilm.or.kr/thm/01/copy/00/55/16/tn_DST700487.jpg,http://file.koreafilm.or.kr/thm/01/copy/00/55/16/tn_DST700488.jpg,http://file.koreafilm.or.kr/thm/01/copy/00/55/16/tn_DST700489.jpg,http://file.koreafilm.or.kr/thm/01/copy/00/55/16/tn_DST700490.jpg,http://file.koreafilm.or.kr/thm/01/copy/00/55/16/tn_DST700491.jpg"
2021,시퀀스 국제단편영화제,신의 딸은 춤을 춘다,변성빈,,,코메디,신미는 댄서로 활동하는 트렌스젠더 여성이다. 어느 날 신미에게 병무청으로부터 군 입대를 위한 병역판정검사를 받아야한다는 연락이 온다.,,25,2020,"HAEJUN,김우겸,임호준",https://ssl.pstatic.net/imgmovie/mdi/mit110/1949/194942_P01_113948.jpg,"http://file.koreafilm.or.kr/thm/01/copy/00/54/56/tn_DST694253.jpg,http://file.koreafilm.or.kr/thm/01/copy/00/54/56/tn_DST694254.jpg,http://file.koreafilm.or.kr/thm/01/copy/00/54/56/tn_DST694255.jpg,http://file.koreafilm.or.kr/thm/01/copy/00/54/56/tn_DST694256.jpg,http://file.koreafilm.or.kr/thm/01/copy/00/54/56/tn_DST694257.jpg"
2021,경남독립영화제,블루시티서울,정성준,초청,,뮤직,30대 택시기사 진철은 청년이 택시에 놓고 내린 기타 때문에 장거리 손님을 태우지 못한다.화가 난 진철은 낙원상가로 향한다.,,29,2020,"강길우,김범진,송민혁",https://ssl.pstatic.net/imgmovie/mdi/mit110/2072/207216_P01_105325.jpg,"http://file.koreafilm.or.kr/thm/01/copy/00/58/12/tn_DST733612.jpg,http://file.koreafilm.or.kr/thm/01/copy/00/58/12/tn_DST733613.jpg,http://file.koreafilm.or.kr/thm/01/copy/00/58/12/tn_DST733614.jpg,http://file.koreafilm.or.kr/thm/01/copy/00/58/12/tn_DST733616.jpg,http://file.koreafilm.or.kr/thm/01/copy/00/58/12/tn_DST733617.jpg,http://file.koreafilm.or.kr/thm/01/copy/00/58/12/tn_DST733611.jpg,http://file.koreafilm.or.kr/thm/01/copy/00/58/12/tn_DST733615.jpg"
2021,삿포로 국제단편영화제,털괴,김오지숙,Horror,,공포,캥거루족 시나리오 작가 지망생 소영은 털이 많은 엄마 남자친구 웅섭으로부터 경제적 독립에 대한 압박을 받는다.그때부터 집 안에 털이 날리고 털괴의 목소리가 소영을 괴롭힌다.소영은 털괴의 정체가 웅섭임을 밝히기 위해 노력한다.,,25,2020,"안소요,오정민,오민애",https://ssl.pstatic.net/imgmovie/mdi/mit110/1948/194888_P01_142511.jpg,"http://file.koreafilm.or.kr/thm/01/copy/00/57/63/tn_DST728685.jpg,http://file.koreafilm.or.kr/thm/01/copy/00/57/63/tn_DST728686.jpg,http://file.koreafilm.or.kr/thm/01/copy/00/57/63/tn_DST728687.jpg,http://file.koreafilm.or.kr/thm/01/copy/00/57/63/tn_DST728688.jpg,http://file.koreafilm.or.kr/thm/01/copy/00/57/63/tn_DST728689.jpg"
2021,천안 국제초단편영화제,거꾸로,서은유,,감독상,기타,,,,,,,
2021,천안 국제초단편영화제,"사랑하자 너부터,",유호재,본선,,기타,,,,,,https://ssl.pstatic.net/imgmovie/mdi/mit110/2117/211748_P04_172921.jpg,
2021,충무로단편영화제,세상이 그대를 힘들게 할지라도,조영상,일반/대학,,기타,,,,,,,
2021,충무로단편영화제,그 아래 작은 우물,김승연,청년/ 대학생부문,감독상,"미스터리,스릴러",남자친구의 그림을 찾아 헤매던 수지는 그림 속 괴물을 마주하게 된다.,,16,2021,"정하리,서원준,이다빛나",,
2021,충무로단편영화제,자무시처럼,안수민,일반/ 비경쟁부문,심사위원 언급,기타,,,,,,,
2021,충무로단편영화제,해녀들의 이야기,지웅배,청년/ 대학생부문,특별언급상,"지역,자연ㆍ환경,인물","대한민국의 아름다운 섬 제주도. 돌과 바람, 그리고 여자가 유명한 섬이기도 하죠. 여행객들에게 마음의 위로 받고자 가는 바다라면, 누군가는 거칠고 험한 바다 속으로 숨을 참고 들어가는 분들이 계십니다. 바로 제주해녀입니다. 해녀들의 이야기를 지금 들려드립니다.",,10,2021,"지웅배,강지원,김남규",https://ssl.pstatic.net/imgmovie/mdi/mit110/1995/199590_P02_144417.png,"http://file.koreafilm.or.kr/thm/01/copy/00/59/37/tn_DST746698.jpg,http://file.koreafilm.or.kr/thm/01/copy/00/59/37/tn_DST746697.jpg"
2021,충무로단편영화제,"새, 공작(恐雀)",박근영,청년/대학생 부문,연기상(여자),드라마,여러 사람들에게 들어온 안 좋은 말로 인해 자존감이 무척 떨어져 있는 수현. 자신감 하락으로 인해 세상과 단절하고 싶고 히키코모리 마냥 살아간다. 어느 날 수현이는 총을 얻게 되고 앞으로 이 총으로 무엇을 해 나아갈지 고민한다.,,17,2021,"박서희,김윤희,김가은",,"http://file.koreafilm.or.kr/thm/01/copy/00/59/37/tn_DST746671.jpg,http://file.koreafilm.or.kr/thm/01/copy/00/59/37/tn_DST746672.jpg,http://file.koreafilm.or.kr/thm/01/copy/00/59/37/tn_DST746673.jpg,http://file.koreafilm.or.kr/thm/01/copy/00/59/37/tn_DST746674.jpg,http://file.koreafilm.or.kr/thm/01/copy/00/59/37/tn_DST746675.jpg"
2021,충무로단편영화제,나쁜 거래,배영한,일반/비경쟁 부문,가작,드라마,수진은 상식에게 이제 그만 놓아달라고 한다.그러자 상식은 놓아주는 조건으로 팔팔한 젊은 청년을 데려오라고 거래를 하는데...,,12,2021,"김경태,이혜원,조가민",,"http://file.koreafilm.or.kr/thm/01/copy/00/59/36/tn_DST746609.jpg,http://file.koreafilm.or.kr/thm/01/copy/00/59/36/tn_DST746610.jpg,http://file.koreafilm.or.kr/thm/01/copy/00/59/36/tn_DST746611.jpg"
2021,충무로단편영화제,운동화,전권하,일반/ 비경쟁부문,특별언급상,드라마,사이가 좋은 부녀지간 아버지는 대리기사로 일하고 있고 딸은 수학여행을 앞두고 있다 딸을 위하여 운동화를 사주기 위해서 열심히 대리기사일을 하고 있는데...,,22,2021,"이나현,곽민준,신예은",,
2021,충무로단편영화제,영화는 이미 완성되었다,이정하,일반/비경쟁 부문,가작,드라마,"단편영화 촬영을 마치고 정리를 하던 와중에 백업 중이던 외장하드가 사라졌다?!한참동안 외장하드를 찾던 지형 감독에게 의문의 전화가 오는데...자신이 누구인지 자신에게 무얼 잘못했는지 용서를 구하지 못하면 영상 파일들을 삭제하겠다는 협박을 받는다.아뿔싸. 어쩐지 촬영을 마친 스태프들의 표정이 좋지 않았던 게 떠오르고...이런 짓을 할 만한 사람을 생각해 보지만, 3일 밤을 지새우게 한 것부터 밥을 제대로 안 준 것까지 잘못한 것들이 너무 많다.과연 외장하드를 무사히 돌려받을 수 있을까?",,,2021,Christopher Lim,,
2021,충무로단편영화제,수필러브,홍두표,장편독립영화부문,블루리본 대상,멜로/로맨스,"한 장의 편지로 시작된 그 날의 기억들.유튜브 라디오 채널을 운영하는 희철. 어느 날 한 장의 편지로 된 사연이 도착하고, 그 편지 속에는 풋풋했던 두 남녀의 따뜻하고 아름다운 연애 이야기가 담겨있는데... 매주 사연을 읽어가면서 점차 편지 속의 주인공에 대한 궁금증과 이해할 수 없는 의미심장한 말들이 희철의 가슴을 파고들고, 끝내 희철은 지난 날 들에 대한 기억들이 불현듯 떠오른다.",12세관람가,96,2019,"김희철,이봄,유호재",https://ssl.pstatic.net/imgmovie/mdi/mit110/2018/201828_P01_165401.jpg,"http://file.koreafilm.or.kr/thm/01/copy/00/57/74/tn_DST729753.jpg,http://file.koreafilm.or.kr/thm/01/copy/00/57/74/tn_DST729754.jpg,http://file.koreafilm.or.kr/thm/01/copy/00/57/74/tn_DST729755.jpg,http://file.koreafilm.or.kr/thm/01/copy/00/57/74/tn_DST729756.jpg,http://file.koreafilm.or.kr/thm/01/copy/00/57/74/tn_DST729757.jpg,http://file.koreafilm.or.kr/thm/01/copy/00/57/74/tn_DST729758.jpg,http://file.koreafilm.or.kr/thm/01/copy/00/57/74/tn_DST729759.jpg,http://file.koreafilm.or.kr/thm/01/copy/00/57/74/tn_DST729760.jpg,http://file.koreafilm.or.kr/thm/01/copy/00/57/74/tn_DST729761.jpg,http://file.koreafilm.or.kr/thm/01/copy/00/57/74/tn_DST729762.jpg"
2021,충무로단편영화제,파란,이현빈,일반/비경쟁 부문,입선,드라마,"영화 전공인 4학년 2학기 졸업반 종수는 졸업영화보다 취업이 간절하다. 취업을 준비하던 종수는 자신이 입사하고 싶어하던 회사의 인턴십에 합격한다. 이 인턴십을 이행할 수 있는 조건은 8월 기준, 4년제 대학의 졸업자 혹은 예정자여야 한다. 종수는 이번 학기까지 이수를 해야 졸업 예정 증명서를 제출할 수 있다. 그러던 어느 날 같은 팀 연출의 휴학과 함께 엎친 데 덮친 격으로 가족문제와 COVID-19 펜데믹 상황 때문에, 졸업 학점 이수를 위한 수업에 문제가 생긴다. 과연 종수는 인턴십을 위해 기한 내에 졸업 예정 증명서를 제출할 수 있을까?",,,2021,"강현우,박보성,박지산",,"http://file.koreafilm.or.kr/thm/01/copy/00/59/36/tn_DST746612.jpg,http://file.koreafilm.or.kr/thm/01/copy/00/59/36/tn_DST746613.jpg,http://file.koreafilm.or.kr/thm/01/copy/00/59/36/tn_DST746614.jpg"
2021,충무로단편영화제,고립,유호재,일반/ 비경쟁부문,촬영상,스릴러,한 남자가 아이스 아메리카노를 사기 위해 집을 나선다.알 수 없는 무언가를 보고 남자는 다시 집안으로 들어온다.그렇게 그의 고립생활이 시작된다. 하루... 이틀...어느 새 30일이라는 시간이 흘러간다.30일간 알 수 없는 무언가와의 사투가 시작되는데...,,28,2020,"유호재,김정수",,http://file.koreafilm.or.kr/thm/01/copy/00/59/37/tn_DST746747.jpg
2021,전북독립영화제,창밖은 겨울,이상진,장편경쟁,,드라마,"영화감독을 그만두고 고향으로 내려와 버스 기사를 하던 석우. 어느 날 터미널에서 누군가가 잃어버린 MP3 플레이어를 줍게 되고, MP3 플레이어의 주인을 알아내는 과정을 통해 자신의 과거와 마주하게 된다.",,105,2020,"곽민규,한선화",https://ssl.pstatic.net/imgmovie/mdi/mit110/2041/204171_P01_164356.JPG,"http://file.koreafilm.or.kr/thm/01/copy/00/58/75/tn_DST740037.jpg,http://file.koreafilm.or.kr/thm/01/copy/00/58/75/tn_DST740038.jpg,http://file.koreafilm.or.kr/thm/01/copy/00/58/75/tn_DST740039.jpg,http://file.koreafilm.or.kr/thm/01/copy/00/58/75/tn_DST740040.jpg,http://file.koreafilm.or.kr/thm/01/copy/00/58/75/tn_DST740041.jpg"
2021,웁살라 국제단편영화제,봄,이종언,Festival Favourites from 40 years: Co-workers' Recollections,,드라마,"시놉시스 어린 영민은 산에서 아버지를 잃어버린다. 혼자서 산을 내려온 영민이 찾아간 곳은 월악산 관리 사무소... 그곳에서 만난 관리인 은석과 영민의 이틀간 이야기.  연출의도  가까운 사람과 갈등할 때 우리는 어느 때 보다 힘들다. 그때마다 우리는 떠나있고 싶다. 그들에게 상처를 주고 또 상처를 받는 일이 견디기 힘들기 때문이다. 그러나 우리는 안다. 우리가 떠나고자 하는 이유는 다시 돌아오고자 함임을.... 우리의 마음이 비워졌을 때, 그래서 미움도 아픔도 없어져 평안을 되찾았을 때, 그때 다시 그들을 사랑하고자 함이다.",,14,2002,"임형국,하동욱,김선애",,
2021,충주단편영화제,출사,유호재,일반/비경쟁,편집상,기타,,,,,,,
2021,광화문국제단편영화제,잔소리,최정열,시네마 올드 앤 뉴: 국내감독전,,드라마,지극히 일반적이고 일상적인 어머니의 잔소리가 계속된다. 그러나 어느새 어머니는 떠나고 아들의 품엔 웃는 모습이 고운 어머니의 영정사진이 안겨있다. 카메라는 참을 수 없었던 잔소리가 가슴을 파고들며 그리워 지는 순간을 포착해 내었다. 플랑세캉스의 묘미를 잘 살린 수작이다.연출의도. 우리들은 자주 혹은 가끔 엄마의 잔소리를 들으며 살아간다.들을 때는 귀찮고 짜증스럽지만 살다보면 그 잔소리가 무겁게 다가 올 때가 있지 않을까? 참을 수 없었던 잔소리가 가슴 속 깊은 곳을 파고들 그 때가.,,10,2008,"길해연,정영헌",,"http://file.koreafilm.or.kr/thm/01/copy/00/32/46/tn_DSKT141630.jpg,http://file.koreafilm.or.kr/thm/01/copy/00/32/46/tn_DSKT141631.jpg,http://file.koreafilm.or.kr/thm/01/copy/00/32/46/tn_DSKT141632.jpg,http://file.koreafilm.or.kr/thm/01/copy/00/32/46/tn_DSKT141633.jpg,http://file.koreafilm.or.kr/thm/01/copy/00/32/46/tn_DSKT141634.jpg,http://file.koreafilm.or.kr/thm/01/copy/00/32/46/tn_DSKT141635.jpg,http://file.koreafilm.or.kr/thm/01/copy/00/32/46/tn_DSKT141636.jpg,http://file.koreafilm.or.kr/thm/01/copy/00/32/46/tn_DSKT141637.jpg,http://file.koreafilm.or.kr/thm/01/copy/00/32/46/tn_DSKT141638.jpg,http://file.koreafilm.or.kr/thm/01/copy/00/32/46/tn_DSKT141639.jpg"
2021,광화문국제단편영화제,자유연기,김도영,시네마 올드 앤 뉴: 국내감독전,,드라마,육아로 정신없는 나날을 보내는 배우 지연은 어느 날 유명감독의 영화 오디션을 보러오라는 전화를 받는다. 감독 앞에 선 지연은 자신의 연기를 펼쳐보인다.,,30,2018,"강말금,이재인,미아",https://ssl.pstatic.net/imgmovie/mdi/mit110/1742/174276_P01_164622.png,"http://file.koreafilm.or.kr/thm/01/copy/00/49/20/tn_DSKT297807.jpg,http://file.koreafilm.or.kr/thm/01/copy/00/49/20/tn_DSKT297808.jpg,http://file.koreafilm.or.kr/thm/01/copy/00/49/20/tn_DSKT297809.jpg,http://file.koreafilm.or.kr/thm/01/copy/00/49/20/tn_DSKT297810.jpg,http://file.koreafilm.or.kr/thm/01/copy/00/49/20/tn_DSKT297811.jpg,http://file.koreafilm.or.kr/thm/01/copy/00/49/20/tn_DSKT297812.jpg"
2021,광화문국제단편영화제,옥천,이경원,국내경쟁,,,"6년 전 사고 후 사라졌던 아내가, 기억을 잃어버린 채 현재 남편과 함께 옥천을 찾는다.",,,2021,"김재철,정지혜,조의진",https://ssl.pstatic.net/imgmovie/mdi/mit110/1508/150831_P01_163607.jpg,
2021,광화문국제단편영화제,4학년 보경이,이옥섭,시네마 올드 앤 뉴: 국내감독전,,드라마,"동양화학과 졸업반 보경은 덕우와 4년째 연애 중이나 선배가 좋다. 선배의 집에 다녀온 보경은 연일 덕우를 시켜 버려진 소파와 중고 선풍기를 작업실로 들여놓는다.연출의도: 신뢰를 중요시 여기면서도, 나의 마음이 한결같지 않음을 알고 있어 괴롭다. 한결같을 수 없다는 것을 알기에 보경이가 밉지 않았으면 좋겠다. 아닌 척 하지 말기.",,28,2014,"김꽃비,구교환,백수장",https://ssl.pstatic.net/imgmovie/mdi/mit110/1223/122369_P01_120743.jpg,"http://file.koreafilm.or.kr/thm/01/copy/00/48/58/tn_DSKT293285.jpg,http://file.koreafilm.or.kr/thm/01/copy/00/48/58/tn_DSKT293286.jpg,http://file.koreafilm.or.kr/thm/01/copy/00/48/58/tn_DSKT293287.jpg,http://file.koreafilm.or.kr/thm/01/copy/00/48/58/tn_DSKT293288.jpg,http://file.koreafilm.or.kr/thm/01/copy/00/48/58/tn_DSKT293289.jpg"
2021,광화문국제단편영화제,우리집,이오은,국내경쟁,,인물,"나는 2002년부터 유럽에 살고 있다. 2016년 나는 한 살배기 아들을 데리고 오랜만에 부모님을 만나러 한국에 갔다. 집에 머무는 동안 나는 아빠를 위한다는 생각으로 파킨슨병을 앓고 있는 엄마를 요양원으로 보냈다. 이 이야기는 세대가 교차하는 지점에 대한 이야기이다. 내 아들이 걸음마를 배우기 시작하고, 엄마가 걷기를 잊어버리기 시작하던 그 지점에서.​",,12,2015,,https://ssl.pstatic.net/imgmovie/mdi/mit110/2076/207628_P01_100619.jpg,"http://file.koreafilm.or.kr/thm/01/copy/00/59/30/tn_DST746009.jpg,http://file.koreafilm.or.kr/thm/01/copy/00/59/30/tn_DST746010.jpg,http://file.koreafilm.or.kr/thm/01/copy/00/59/30/tn_DST746011.jpg"
2021,광화문국제단편영화제,아파트,효민,국내경쟁,국내경쟁 씨네큐브상,스릴러,"택시기사는 손님을 태우고 아파트 단지에 들어가게 된다. 손님을 내려준 뒤, 나가는 길을 찾지 못하는 택시기사. 그가 가는 모든 길이 막다른 길이다. 그러던 와중에 올라탄 다른 손님 (임서영 역). 과연 택시기사는 새로운 손님과 아파트 단지를 빠져나갈 수 있을까?",,18,2021,,https://ssl.pstatic.net/imgmovie/mdi/mit110/2104/210403_P01_102112.jpg,"http://file.koreafilm.or.kr/thm/01/copy/00/59/39/tn_DST746869.jpg,http://file.koreafilm.or.kr/thm/01/copy/00/59/39/tn_DST746870.jpg,http://file.koreafilm.or.kr/thm/01/copy/00/59/39/tn_DST746871.jpg,http://file.koreafilm.or.kr/thm/01/copy/00/59/39/tn_DST746872.jpg,http://file.koreafilm.or.kr/thm/01/copy/00/59/39/tn_DST746873.jpg"
2021,광화문국제단편영화제,신의 아이들은 연기가 어렵다,변성빈,국내경쟁,,"문화,기업ㆍ기관ㆍ단체","단편영화  신의 딸은 춤을 춘다 의 리딩 현장에서 배우 해준은 처음 해보는 영화 연기가 어렵고, 배우 우겸은 자신이 맡은 게이 역할이 어렵다.",,8,2020,HAEJUN,https://ssl.pstatic.net/imgmovie/mdi/mit110/2004/200461_P01_110624.jpg,http://file.koreafilm.or.kr/thm/01/copy/00/58/93/tn_DST741808.jpg
2021,광화문국제단편영화제,2박 3일,조은지,시네마 올드 앤 뉴: 국내감독전,,멜로드라마,"남자친구 민규와의 2주년을 축하하기 위해 민규네 집으로 가는 지은. 하지만 민규는 지은에게 이별을 통보한다. 갑작스런 이별을 받아들일 수 없는 지은은 그 곳을 떠나지 못한 채 민규네 가족들과 이상한 동거를 시작한다. 민규네 가족들에게도 이별이 있다. 가출한 민규 엄마 때문에 언제 뿔뿔이 흩어질지 모르는 가족들. 생업을 포기한 채 가출한 아내만 찾아다니는 민규 아빠는 매번 헛방이고, 가출한 딸내미 때문에 사위 눈치만 보는 할머니는 속 편한 날이 없다. 그리고 철없는 백수 막내아들 민석과 가정사에 무심한 민규. 그 속에서 지은이와 민규 가족들은 각자의 이별을 함께 하게 되는데..    [제16회 미쟝센 단편영화제]",,,2016,"정수지,송지혁,이강녕",https://ssl.pstatic.net/imgmovie/mdi/mit110/1650/165065_P01_142655.jpg,"http://file.koreafilm.or.kr/thm/01/copy/00/49/56/tn_DSKT299389.jpg,http://file.koreafilm.or.kr/thm/01/copy/00/49/56/tn_DSKT299390.jpg,http://file.koreafilm.or.kr/thm/01/copy/00/49/56/tn_DSKT299391.jpg,http://file.koreafilm.or.kr/thm/01/copy/00/49/56/tn_DSKT299392.jpg,http://file.koreafilm.or.kr/thm/01/copy/00/49/56/tn_DSKT299393.jpg"
2021,광화문국제단편영화제,몽구스피킹,우문기,시네마 올드 앤 뉴: 국내감독전,,드라마,영화 감독 지망생 몽구. 잘나가는 영화 제작자 병곤에게 시나리오 피칭을 한다. 아주 짧게 굵게 엑기스만.,,9,2012,,https://ssl.pstatic.net/imgmovie/mdi/mit110/1093/109329_P01_154632.jpg,"http://file.koreafilm.or.kr/thm/01/copy/00/59/16/tn_DST744422.jpg,http://file.koreafilm.or.kr/thm/01/copy/00/59/16/tn_DST744423.jpg,http://file.koreafilm.or.kr/thm/01/copy/00/59/16/tn_DST744424.jpg,http://file.koreafilm.or.kr/thm/01/copy/00/59/16/tn_DST744425.jpg,http://file.koreafilm.or.kr/thm/01/copy/00/59/16/tn_DST744421.jpg"
2021,광화문국제단편영화제,조인성을 좋아하세요,정가영,시네마 올드 앤 뉴: 국내감독전,,드라마,영화감독 가영은 조인성을 캐스팅하고 싶다. 아직 시나리오는 없지만 상상은 끝없이 펼쳐진다. 가영은 전화로 자신의 구상을 이야기하다 진짜 조인성의 전화를 받는다.,15세관람가,19,2017,"정가영,전은지,한지수",https://ssl.pstatic.net/imgmovie/mdi/mit110/1689/168978_P03_112719.png,"http://file.koreafilm.or.kr/thm/01/copy/00/49/20/tn_DSKT297837.jpg,http://file.koreafilm.or.kr/thm/01/copy/00/49/20/tn_DSKT297838.jpg,http://file.koreafilm.or.kr/thm/01/copy/00/49/20/tn_DSKT297839.jpg,http://file.koreafilm.or.kr/thm/01/copy/00/49/20/tn_DSKT297840.jpg,http://file.koreafilm.or.kr/thm/01/copy/00/49/20/tn_DSKT297836.jpg"
2021,제주혼듸독립영화제,4.5평,김제현,제주신작,,기타,,,,,,https://ssl.pstatic.net/imgmovie/mdi/mit110/1987/198744_P01_144955.jpeg,
2021,홀리 단편영화제,코마,송수린,Music Video 출품,,기타,,,,,,https://ssl.pstatic.net/imgmovie/mdi/mit110/2120/212083_P01_170839.png,
2021,서울영등포국제초단편영화제,얼음,곽새미,국내경쟁,,드라마,"치유되지 않는 트라우마로 인해 엄마의 애정과 위로를 갈구하는 마음으로 아이스크림을 데려가곤 하던 도아. 그러던 어느 날, 아이스크림이 말을 걸어온다. 이제 무서워할 필요 없다고. 도아, 너에게 힘을 주겠다고...",,10,2021,,https://ssl.pstatic.net/imgmovie/mdi/mit110/2083/208312_P01_182542.jpg,
2021,서울영등포국제초단편영화제,아쿠아마린,유종석,임선우 배우 특별전,,드라마,어느 모텔 방. 영은 도피 중인 애인 유환의 머리를 염색해준다.,,17,2019,"임선우,권다함",https://ssl.pstatic.net/imgmovie/mdi/mit110/1851/185101_P01_163835.png,"http://file.koreafilm.or.kr/thm/01/copy/00/51/19/tn_DST652031.jpg,http://file.koreafilm.or.kr/thm/01/copy/00/51/19/tn_DST652032.jpg,http://file.koreafilm.or.kr/thm/01/copy/00/51/19/tn_DST652033.jpg"
2021,서울영등포국제초단편영화제,기로,한지수,임선우 배우 특별전,,공포,"대학에 강의가 있는 여자가 택시를 탄다. 기사는 뜬금없이 여자에게 운이 좋은 사람이냐 묻더니, 자신이 얼마나 운이 없는지를 말하기 시작한다. 처음에는 대수롭지 않게 생각하고 귀찮아만 하던 여자. 그러나 기사의 말이 계속 될수록 무언가 이상하다는 것을 느끼게 된다.",,12,2019,"임선우,허정도",https://ssl.pstatic.net/imgmovie/mdi/mit110/1859/185961_P01_142804.png,http://file.koreafilm.or.kr/thm/01/copy/00/51/45/tn_DST656108.jpg
2021,서울영등포국제초단편영화제,조금 부족한 여자,허수영,국내경쟁,,드라마,"어느 날 아침. 토막 난 여자의 몸이 발견된다. 하체와 왼손 외에 다른 몸은 흔적도 없이 사라졌으며 어떤 침입의 증거도 찾을 수 없어 사건이 미궁에 빠지려던 찰나, 남아있던 왼손이 다섯 손가락으로 일어나 증언을 한다. 서로를 너무 싫어한 나머지 떠나버린 다른 몸을 찾아 하체와 왼손은 길을 나선다.",,10,2020,"김하리,이성경,하지웅",https://ssl.pstatic.net/imgmovie/mdi/mit110/1948/194883_P01_152229.jpg,"http://file.koreafilm.or.kr/thm/01/copy/00/55/76/tn_DST708078.jpg,http://file.koreafilm.or.kr/thm/01/copy/00/55/76/tn_DST708079.jpg,http://file.koreafilm.or.kr/thm/01/copy/00/55/76/tn_DST708080.jpg"
2021,서울영등포국제초단편영화제,서울소리,김경배,국내경쟁,,,소년의 방안으로 들어오는 행진 속에 소년이 휩쓸리고 혼란 속에 길을 잃는다.,,3,2020,,https://ssl.pstatic.net/imgmovie/mdi/mit110/1963/196310_P01_134811.jpg,"http://file.koreafilm.or.kr/thm/01/copy/00/56/34/tn_DST715618.jpg,http://file.koreafilm.or.kr/thm/01/copy/00/56/34/tn_DST715616.jpg,http://file.koreafilm.or.kr/thm/01/copy/00/56/34/tn_DST715615.jpg,http://file.koreafilm.or.kr/thm/01/copy/00/56/34/tn_DST715617.jpg"
2021,서울영등포국제초단편영화제,코,윤한나,임선우 배우 특별전,,드라마,"한나는 다친 코를 가린 채 잠적한 남자친구 현수를 찾아다닌다. 사라진 현수, 내내 무례한 과외 학생 재우와 재우의 엄마, 그리고 달갑지 않은 손님인 현수의 엄마 민옥까지, 이들과 관계하는 며칠 동안 한나의 내면에는 어떤 파장이 일어난다.",,27,2019,"임선우,신혜경,방주환",https://ssl.pstatic.net/imgmovie/mdi/mit110/1895/189591_P01_142107.jpg,"http://file.koreafilm.or.kr/thm/01/copy/00/53/59/tn_DST684034.jpg,http://file.koreafilm.or.kr/thm/01/copy/00/53/59/tn_DST684035.jpg,http://file.koreafilm.or.kr/thm/01/copy/00/53/59/tn_DST684036.jpg,http://file.koreafilm.or.kr/thm/01/copy/00/53/59/tn_DST684037.jpg,http://file.koreafilm.or.kr/thm/01/copy/00/53/59/tn_DST684038.jpg"
2021,서울영등포국제초단편영화제,감독님 연출하지 마세요,이대영,임선우 배우 특별전,,코메디,민경은 단편영화 주인공을 맡아 촬영에 임한다. 시간이 지날수록 현장이 꼬이고 감독과 미세한 균열이 일기 시작한다.,,14,2017,"임선우,문혜인,이승원",https://ssl.pstatic.net/imgmovie/mdi/mit110/1650/165071_P01_151730.jpg,"http://file.koreafilm.or.kr/thm/01/copy/00/49/56/tn_DSKT299386.jpg,http://file.koreafilm.or.kr/thm/01/copy/00/49/56/tn_DSKT299387.jpg,http://file.koreafilm.or.kr/thm/01/copy/00/49/56/tn_DSKT299388.jpg"
2021,서울영등포국제초단편영화제,어느 날,이수형,국내경쟁,,드라마,"어느 여름날 아침, 민수는 엄마의 목소리에 잠에서 깬다.",,11,2020,,https://ssl.pstatic.net/imgmovie/mdi/mit110/1986/198656_P01_182202.jpg,"http://file.koreafilm.or.kr/thm/01/copy/00/58/43/tn_DST736731.jpg,http://file.koreafilm.or.kr/thm/01/copy/00/58/43/tn_DST736732.jpg,http://file.koreafilm.or.kr/thm/01/copy/00/58/43/tn_DST736733.jpg,http://file.koreafilm.or.kr/thm/01/copy/00/58/43/tn_DST736734.jpg"
2021,서울영등포국제초단편영화제,치석,염지희,임선우 배우 특별전,,"드라마,스릴러",치과에 찾은 희수는 치위생사인 미선에게 스케일링 치료를 받기 원한다. 하지만 그녀에게는 미선을 찾아온 다른 이유가 있는 듯하다.   [제16회 미쟝센 단편영화제],,11,2017,"임선우,연예지,김대기",https://ssl.pstatic.net/imgmovie/mdi/mit110/1650/165098_P01_142722.jpg,http://file.koreafilm.or.kr/thm/01/copy/00/50/72/tn_DSKT307374.jpg
2021,서울영등포국제초단편영화제,면담,박서영,국내경쟁,,"드라마,하이틴(고교)","신임 담임교사 은선은 자신의 반 학생 정화와 그 무리들이 미나를 괴롭힌 사실을 영상을 통해 알게 되고, 면담을 통해 내부적으로 이를 해결해보고자 한다.",,11,2021,"손예원,홍하나임,김경민",https://ssl.pstatic.net/imgmovie/mdi/mit110/2056/205661_P01_170554.jpg,"http://file.koreafilm.or.kr/thm/01/copy/00/57/48/tn_DST727136.jpg,http://file.koreafilm.or.kr/thm/01/copy/00/57/48/tn_DST727137.jpg,http://file.koreafilm.or.kr/thm/01/copy/00/57/48/tn_DST727138.jpg,http://file.koreafilm.or.kr/thm/01/copy/00/57/48/tn_DST727139.jpg,http://file.koreafilm.or.kr/thm/01/copy/00/57/48/tn_DST727140.jpg"
2021,서울영등포국제초단편영화제,지금 당장 영화관을 가야해!,김나경,국내경쟁,,기타,,,,,,,
2021,서울영등포국제초단편영화제,수강신청,이미지,문화다양성 특별전,,드라마,"컴퓨터를 못해 늘 불편을 겪는 60대 노인 경희는 주민센터에서 진행하는 컴퓨터수업을 듣고 싶다. 하지만, 수강신청은 인터넷으로만 받는다고 하는데…",,15,2020,"현정애,김현정",https://ssl.pstatic.net/imgmovie/mdi/mit110/1971/197182_P01_150649.jpg,"http://file.koreafilm.or.kr/thm/01/copy/00/57/45/tn_DST726793.jpg,http://file.koreafilm.or.kr/thm/01/copy/00/57/45/tn_DST726794.jpg,http://file.koreafilm.or.kr/thm/01/copy/00/57/45/tn_DST726795.jpg"
2021,서울영등포국제초단편영화제,토마토의 정원,박형남,국내경쟁,,드라마,‘소원의 풀’이라고 불리는 토마토 꽃 앞에서 소원을 비는 학생들. 토마토는 비록 열리지 못하지만 그럼에도 자라나는 아이들.,,15,2020,,https://ssl.pstatic.net/imgmovie/mdi/mit110/2056/205659_P01_172408.jpg,"http://file.koreafilm.or.kr/thm/01/copy/00/57/40/tn_DST726318.jpg,http://file.koreafilm.or.kr/thm/01/copy/00/57/41/tn_DST726386.jpg,http://file.koreafilm.or.kr/thm/01/copy/00/57/41/tn_DST726387.jpg,http://file.koreafilm.or.kr/thm/01/copy/00/57/41/tn_DST726388.jpg,http://file.koreafilm.or.kr/thm/01/copy/00/57/41/tn_DST726389.jpg"
2021,서울영등포국제초단편영화제,링링,윤다영,블러디 나잇 비경쟁,,"가족,드라마","진아는 아빠의 수첩 속 링링이라는 이름을 발견하고, 아빠가 링링과 바람을 피운다고 의심한다. 평범하게 느껴졌던 아빠의 행동들에 어딘가 빈틈이 보이기 시작한다. 진아는 가족의 해체를 막고 싶지만 태풍이 다가온다.",15세관람가,24,2019,"김주아,김선빈,김선경",https://ssl.pstatic.net/imgmovie/mdi/mit110/1851/185114_P04_152939.png,"http://file.koreafilm.or.kr/thm/01/copy/00/51/19/tn_DST651983.jpg,http://file.koreafilm.or.kr/thm/01/copy/00/51/19/tn_DST651984.jpg,http://file.koreafilm.or.kr/thm/01/copy/00/51/19/tn_DST651985.jpg,http://file.koreafilm.or.kr/thm/01/copy/00/51/19/tn_DST651986.jpg"
2021,서울영등포국제초단편영화제,수라(修羅),정해지,국내경쟁,초단편 우수상,기타,,,,,,,
2021,서울영등포국제초단편영화제,"가스, 라이트",원유,국내경쟁,심사위원 특별상,드라마,"한밤중 사장에게 청탁을 하러 찾아온 남자는 사장을 기다리는 카페에서 가스 새는 냄새를 맡고 카페 사장에게 말하지만, 사장과 친분이 있다는 카페 사장은 남자를 은근히 바보로 만들며 그의 말을 들어주지 않는다.",,15,2020,"김희상,정시률,정승철",https://ssl.pstatic.net/imgmovie/mdi/mit110/2083/208328_P01_152722.jpg,"http://file.koreafilm.or.kr/thm/01/copy/00/58/79/tn_DST740446.jpg,http://file.koreafilm.or.kr/thm/01/copy/00/58/79/tn_DST740447.jpg,http://file.koreafilm.or.kr/thm/01/copy/00/58/79/tn_DST740448.jpg"
2021,청주국제단편영화제,사원증,윤혜성,사회드라마,,드라마,"동구는 친구이자 같은 회사 동료인 지철의 죽음을 슬퍼할 새도 없이, 상사의 강요에 의해 지철의 집을 찾아가 그의 사원증을 찾아와야 한다. 지철을 죽음으로 몰고 갔을지도 모르는 회사는 끝까지 동구를 극한의 상황으로 내몰아간다. 이 작품은 직장에서 개인이 겪는 존재론적 위기를 다루고 있으며, 자본주의 체제하에서 사회 구성원 상호 간의 이해와 연대가 사라지고 있는 현재의 한국 사회를 차분히 관조하고 있다. 특히 조직의 구성원이라는 사회적 신분과 개인적 우정 사이에서 갈들을 겪으며 고뇌하는 사회 초년생의 모습을 섬세하게 포착한다. 이를 통해 집단 내에서 연대의식이 붕괴되고 개인의 가치가 상실되고 있는 현대 사회의 비정하고 씁쓸한 단면을 재현한다.",,19,2020,"장유상,오민애,권다함",https://ssl.pstatic.net/imgmovie/mdi/mit110/1957/195769_P01_170922.jpg,"http://file.koreafilm.or.kr/thm/01/copy/00/55/51/tn_DST705434.jpg,http://file.koreafilm.or.kr/thm/01/copy/00/55/51/tn_DST705435.jpg"
2021,청주국제단편영화제,웅비와 인간 아닌 친구들,김다민,코미디/멜로/공포,,"SF,판타지,공포","9살 웅비는 자신만의 비밀기지에서 온 몸이 털로 뒤덮인 괴생명체를 만난다. 말이 통하진 않아도 금새 친해진 둘, 웅비는 부모님께 혼날까 봐 걱정이지만, 인간 아닌 친구를 집까지 데려간다. 천진난만한 웅비와 인간 아닌 친구의 모습에 미소가 저절로 지어지지만, 서로 말이 통하게 되는 순간 밝혀지는 진실이 놀랍다. 그나저나 인류의 미래로 부상한 비둘기는.... 연구는 계속되어야 한다. (제24회 부천국제판타스틱영화제 백재호)",,18,2020,"김시하,김유남,윤현길",https://ssl.pstatic.net/imgmovie/mdi/mit110/1948/194881_P01_153902.jpg,"http://file.koreafilm.or.kr/thm/01/copy/00/56/18/tn_DST713832.jpg,http://file.koreafilm.or.kr/thm/01/copy/00/56/18/tn_DST713833.jpg,http://file.koreafilm.or.kr/thm/01/copy/00/56/18/tn_DST713834.jpg,http://file.koreafilm.or.kr/thm/01/copy/00/56/18/tn_DST713835.jpg,http://file.koreafilm.or.kr/thm/01/copy/00/56/18/tn_DST713836.jpg"
2021,청주국제단편영화제,면접,김용호,네트워크 시네마,,"드라마,스릴러","난생처음으로 서류 전형에 합격한 미숙은 회사에 면접을 보러 왔다. 하지만 사무실은 텅 비어 있고, 미숙은 뭔가 잘못되었음을 깨닫는다. 겁에 질린 미숙이 사무실을 뛰쳐나가려는 순간, 구석에서 전화 벨 소리가 울린다.",,6,2019,,https://ssl.pstatic.net/imgmovie/mdi/mit110/1949/194926_P01_151238.png,http://file.koreafilm.or.kr/thm/01/copy/00/59/08/tn_DST743401.jpg
2021,청주국제단편영화제,우주의 끝,한병아,비경쟁,,드라마,"나는 시한부 진단을 받았다. 친구인 의사는 내게 묻는다. “애들한테 뭐하고 할 거야?” 식상한 말밖에 생각해 내지 못하던 중에 선명하게 떠오른 한마디는 “걸어라, 어차피 세상에서 배울 게 더 많으니까.”  우주의 끝 은 시한부 선고를 받은 여성의 귀갓길을 따라간다. 자신의 말을 실천하듯 주인공은 걸어서 집으로 돌아가는데, 길에서 마주친 사람들은 삶에 대한 여러 대답들을 제시한다. 단순한 구성이지만 행간에 품고 있는 메시지는 넉넉하다. ‘죽음은 무엇인가’는 곧 ‘삶은 무엇인가’로 이어지고, 결국엔 ‘지금 어떻게 살 것인지’에 대한 다양한 모습을 보여주는 것을 통해 넌지시 말을 건넨다. 파스텔 톤의 포근하고 소박한 그림체는 귀갓길에 일어나는 소소한 사건들, 그리고 시답잖은 대화들과 맞물려 흐뭇한 웃음을 자아낸다. 자칫 무겁거나 추상적으로 흘러갈 수 있는 이야기는 곳곳에 포진한 세련된 유머 덕분에 일상의 공감으로 퍼져 나간다. 작화, 스토리텔링, 메시지, 깨알 같은 유머의 호흡까지 넘치지도 모자라지도 않는 밸런스가 탁월하다. [송경원]",전체관람가,10,2020,"김주리,최자인,김영기",https://ssl.pstatic.net/imgmovie/mdi/mit110/1940/194062_P01_170638.jpg,"http://file.koreafilm.or.kr/thm/01/copy/00/54/35/tn_DST692040.jpg,http://file.koreafilm.or.kr/thm/01/copy/00/54/35/tn_DST692041.jpg,http://file.koreafilm.or.kr/thm/01/copy/00/54/35/tn_DST692042.jpg,http://file.koreafilm.or.kr/thm/01/copy/00/54/35/tn_DST692043.jpg,http://file.koreafilm.or.kr/thm/01/copy/00/54/35/tn_DST692044.jpg,http://file.koreafilm.or.kr/thm/01/copy/00/54/35/tn_DST692045.jpg"
2021,청주국제단편영화제,급식,한혜인,네트워크 시네마,,드라마,"식이장애로 학교를 휴직한 가연, 생활고로 인해 돌봄교실 강사로 일하게 되는데 지속적으로 잔반 검사할 것을 강요 받는다. 자신은 먹지 못하는 상태에서 잔반을 다 먹도록 강요해야하만 하는 역설적인 상황에서 가연은 갈등하게 된다.",,18,2019,,https://ssl.pstatic.net/imgmovie/mdi/mit110/1901/190157_P01_163946.JPG,"http://file.koreafilm.or.kr/thm/01/copy/00/54/09/tn_DST689273.jpg,http://file.koreafilm.or.kr/thm/01/copy/00/54/43/tn_DST692924.jpg,http://file.koreafilm.or.kr/thm/01/copy/00/54/43/tn_DST692925.jpg"
2021,청주국제단편영화제,달팽이,김태양,코미디/멜로/공포,,"드라마,멜로/로맨스,로드무비","약속장소를 찾아가던 남자가 거리에서 옛 친구와 마주친다. 우연한 만남, 사소한 대화, 미묘한 공기. 그들은 한동안 종로거리를 함께 걷는다. 그리고 각자의 길로 발길을 돌리고, 거리엔 한차례 소나기가 쏟아진다. 비가 그치면 또 다른 만남이 기다리고 있다.",전체관람가,20,2020,"하성국,이명하,정수지",https://ssl.pstatic.net/imgmovie/mdi/mit110/1986/198620_P01_174030.jpg,"http://file.koreafilm.or.kr/thm/01/copy/00/55/60/tn_DST706494.jpg,http://file.koreafilm.or.kr/thm/01/copy/00/55/60/tn_DST706495.jpg,http://file.koreafilm.or.kr/thm/01/copy/00/55/61/tn_DST706496.jpg,http://file.koreafilm.or.kr/thm/01/copy/00/55/61/tn_DST706497.jpg,http://file.koreafilm.or.kr/thm/01/copy/00/55/61/tn_DST706498.jpg"
2021,청주국제단편영화제,피아,공병선,사회드라마,,기타,,,,,,,
2021,청주국제단편영화제,행운을 빌어,전영찬,애니/다큐,,기타,,,,,,https://ssl.pstatic.net/imgmovie/mdi/mit110/2081/208175_P01_164305.jpg,
2021,청주국제단편영화제,별도 좋은데,서은아,사회드라마,,드라마,"늦은 밤, 폐 주유소에서 한 남자가 자살을 준비하고 있다. 똑똑, 누군가 창문을 두드린다. 담배 좀 피게 라이터를 빌려달라는 낯선 남자. 자살하려던 남자는 귀찮은 듯 라이터를 줘버리고 차에 타 소주를 마신다. 똑똑, 또 다시 낯선 남자가 창문을 두드리는데…",,15,2020,,https://ssl.pstatic.net/imgmovie/mdi/mit110/1986/198659_P01_180354.jpg,http://file.koreafilm.or.kr/thm/01/copy/00/56/35/tn_DST715682.jpg
2021,청주국제단편영화제,이종,안소회,코미디/멜로/공포,,드라마,"링 위에서 자신을 버린 아버지를 만나면 어떨까? 거기에 그 아버지가 자신을 알아보지도 못한다면? 예상치 못한 만남에 어찌할 바를 몰라 하다 주먹으로 겨우 그 마음을 전달하는 겸수가, 뒤늦게 아들임을 알아차리고 주먹을 받아주는 우재의 모습이 아리다. 서로의 존재를 확신했을 때 보인 겸수와 우재의 눈빛이 쉬이 잊혀지지 않을 것 같다. (백재호)",,16,2019,Lee Jung Hyun,https://ssl.pstatic.net/imgmovie/mdi/mit110/1948/194878_P01_160158.jpg,"http://file.koreafilm.or.kr/thm/01/copy/00/59/00/tn_DST742619.jpg,http://file.koreafilm.or.kr/thm/01/copy/00/59/00/tn_DST742620.jpg,http://file.koreafilm.or.kr/thm/01/copy/00/59/00/tn_DST742621.jpg"
2021,청주국제단편영화제,건설 유니버스의 어떤 오류,박군제,실험영화,,"SF,실험","스크린 안의 세계에는 한 가지 원칙이 있다. 그것은 건설의 원리다. 미완성되거나 버려진 건축물은 오류로 판정돼 질서 유지의 명목으로 디버깅 된다. 하지만 이러한 건설 유니버스의 원칙으로부터 벗어나고자 하는 움직임이 있다. 영상은 방치된 폐건물의 시공간과 건설 중인 공간의 정보를 뒤섞기 시작한다. 이윽고 혼합된 데이터는 오류를 일으키고 에러가 난 이미지와 사운드의 얽힘은 스크린이라는 평면 세계 바깥으로 도약을 시도한다. 박군제 감독의  건설 유니버스의 어떤 오류 는 이미지와 사운드의 충돌을 통해 시선 바깥을 사유하도록 만드는 실험영화다. 건축과 공간이라는 테마 아래 수집된 이미지들은 건축에 대한 독특한 분위기를 형성해 나가기 시작한다. 그것은 우리가 기존에 가지고 있던 건축과 개발에 대한 인식을 자극하여 스크린 바깥으로 확장된다. 특히 자연적인 소리와 소음을 조합해 만들어낸 사운드 스케이프는 공간감이라는 영화의 테마와 썩 잘 어울리며, 이른바 ‘소리의 풍경화’라고 할 만한 체험으로 이어진다. [송경원]",,15,2020,"김준홍,이수빈",https://ssl.pstatic.net/imgmovie/mdi/mit110/1940/194073_P01_111514.png,"http://file.koreafilm.or.kr/thm/01/copy/00/55/65/tn_DST707012.jpg,http://file.koreafilm.or.kr/thm/01/copy/00/55/65/tn_DST707013.jpg,http://file.koreafilm.or.kr/thm/01/copy/00/55/65/tn_DST707014.jpg,http://file.koreafilm.or.kr/thm/01/copy/00/55/65/tn_DST707015.jpg,http://file.koreafilm.or.kr/thm/01/copy/00/55/65/tn_DST707016.jpg,http://file.koreafilm.or.kr/thm/01/copy/00/55/65/tn_DST707017.jpg,http://file.koreafilm.or.kr/thm/01/copy/00/55/65/tn_DST707018.jpg"
2021,청주국제단편영화제,바주카!,강소연,코미디/멜로/공포,,코메디,재개발 단지에 살고 있는 '민주'와 '양미'는 집 앞에 들어선 건물을 부시기 위해 바주카포를 만든다.,,19,2020,"노서연,구자은,김종태",,"http://file.koreafilm.or.kr/thm/01/copy/00/55/56/tn_DST706047.jpg,http://file.koreafilm.or.kr/thm/01/copy/00/55/56/tn_DST706048.jpg,http://file.koreafilm.or.kr/thm/01/copy/00/55/56/tn_DST706049.jpg,http://file.koreafilm.or.kr/thm/01/copy/00/55/56/tn_DST706050.jpg,http://file.koreafilm.or.kr/thm/01/copy/00/55/56/tn_DST706051.jpg"
2021,청주국제단편영화제,선화의 근황,김소형,비경쟁,,드라마,선화는 어렵게 취업한 빵집에서 중학교 동창 진경을 만난다. 선화는 진경이가 빵집 내에서 따돌림을 당하고 있다는 사실을 알게 되고 어렵게 취업한 상황에서 갈등에 빠진다.,,21,2018,"임호준,김소형",https://ssl.pstatic.net/imgmovie/mdi/mit110/1742/174280_P01_162405.png,"http://file.koreafilm.or.kr/thm/01/copy/00/49/20/tn_DSKT297818.jpg,http://file.koreafilm.or.kr/thm/01/copy/00/49/25/tn_DSKT298103.jpg,http://file.koreafilm.or.kr/thm/01/copy/00/49/25/tn_DSKT298104.jpg,http://file.koreafilm.or.kr/thm/01/copy/00/49/25/tn_DSKT298105.jpg,http://file.koreafilm.or.kr/thm/01/copy/00/49/25/tn_DSKT298106.jpg"
2021,대구단편영화제,걸어도 걸어도,김태희,국내경쟁,,드라마,"춘복은 자신이 10년 전, 조연으로 찍은 영화가 상영한다는 전화를 받고 GV(관객과의 대화)를 위해 길을 나선다.",,26,2021,"김준배,한서연,정은경",https://ssl.pstatic.net/imgmovie/mdi/mit110/2106/210609_P01_095928.jpg,"http://file.koreafilm.or.kr/thm/01/copy/00/58/62/tn_DST738660.jpg,http://file.koreafilm.or.kr/thm/01/copy/00/58/62/tn_DST738661.jpg,http://file.koreafilm.or.kr/thm/01/copy/00/58/62/tn_DST738662.jpg"
2021,대구단편영화제,고백할 거야,김선빈,애플시네마,애플시네마 배리어프리 수상,드라마,공개고백을 받은 '성지원'은 대답을 하러 간다.,,14,2021,"김이슬,김선빈",https://ssl.pstatic.net/imgmovie/mdi/mit110/2068/206869_P01_160407.jpg,"http://file.koreafilm.or.kr/thm/01/copy/00/57/56/tn_DST727931.jpg,http://file.koreafilm.or.kr/thm/01/copy/00/57/56/tn_DST727932.jpg,http://file.koreafilm.or.kr/thm/01/copy/00/57/56/tn_DST727933.jpg,http://file.koreafilm.or.kr/thm/01/copy/00/57/56/tn_DST727934.jpg,http://file.koreafilm.or.kr/thm/01/copy/00/57/56/tn_DST727935.jpg"
2021,대구단편영화제,니가 일주일 넘게 연락이 없어서,황다슬,국내경쟁,관객상,드라마,주원은 일주일 째 연락이 두절된 대학교 동기 은하가 걱정돼 은하의 집에 찾아간다.지금은 2021년 2월의 서울. 코로나 2.5단계로 취식도 금지된 시기.결국 두 사람은 은하의 집에서 못다한 이야기를 하기로 한다.,,12,2021,"손우현,김보라",https://ssl.pstatic.net/imgmovie/mdi/mit110/2080/208021_P01_172406.png,http://file.koreafilm.or.kr/thm/01/copy/00/58/61/tn_DST738598.jpg
2021,대구단편영화제,바람이 지나간 자리,권순형,배리어프리,,드라마,홀로 시골에 내려와 추모관 청소부 일을 하는 서민. 서민은 제일 밑단에 있는 엄마의 유골함이 신경 쓰인다. 서민은 엄마의 유골함 위치를 바꾸고 싶다.,,29,2020,"김현,정인기,추연규",https://ssl.pstatic.net/imgmovie/mdi/mit110/1961/196145_P01_115213.png,"http://file.koreafilm.or.kr/thm/01/copy/00/57/65/tn_DST728872.jpg,http://file.koreafilm.or.kr/thm/01/copy/00/57/65/tn_DST728873.jpg,http://file.koreafilm.or.kr/thm/01/copy/00/57/65/tn_DST728874.jpg,http://file.koreafilm.or.kr/thm/01/copy/00/57/65/tn_DST728870.jpg,http://file.koreafilm.or.kr/thm/01/copy/00/57/65/tn_DST728871.jpg"
2021,대구단편영화제,여름의 사랑,김서현,국내경쟁,,드라마,고등학생 여름이는 남자친구 준수와 한 번 해보고 싶다.,,15,2020,"강채윤,권순형",https://ssl.pstatic.net/imgmovie/mdi/mit110/1996/199669_P01_180720.jpg,"http://file.koreafilm.or.kr/thm/01/copy/00/58/62/tn_DST738708.jpg,http://file.koreafilm.or.kr/thm/01/copy/00/58/62/tn_DST738709.jpg,http://file.koreafilm.or.kr/thm/01/copy/00/58/62/tn_DST738710.jpg,http://file.koreafilm.or.kr/thm/01/copy/00/58/62/tn_DST738707.jpg"
2021,대구단편영화제,조의봉투,장주선,배리어프리,,드라마,"고등학교 동창의 부고 문자를 받고 장례식장으로 향하는 지희. 조의금 액수에 대해 고민한다.(2020년 제21회 대구단편영화제)연출의도슬픔도 값으로 매겨지는 세상, 쉬운 게 하나 없다.",,23,2020,"김현진,홍석우",https://ssl.pstatic.net/imgmovie/mdi/mit110/1961/196141_P01_133439.jpg,http://file.koreafilm.or.kr/thm/01/copy/00/58/86/tn_DST741087.jpg
2021,대구단편영화제,큐브,조미혜,로컬존,,드라마,"신영은 서울 고시원에서 9급 공무원을 준비 중이다. 어느 날, 눈을 떠 보니 신영의 몸은 정육면체가 되어 있었다. 아무 의사 표현도 못하게 된 신영은 연구소로 옮겨져 연구 자료로 쓰인다. 하지만 연구소에서는 감염 원인도 치료 방법도 찾아내지 못한다.",,15,2020,Ryu Abel,https://ssl.pstatic.net/imgmovie/mdi/mit110/2041/204164_P01_171517.JPG,"http://file.koreafilm.or.kr/thm/01/copy/00/58/77/tn_DST740224.jpg,http://file.koreafilm.or.kr/thm/01/copy/00/58/77/tn_DST740225.jpg,http://file.koreafilm.or.kr/thm/01/copy/00/58/77/tn_DST740226.jpg,http://file.koreafilm.or.kr/thm/01/copy/00/58/77/tn_DST740227.jpg,http://file.koreafilm.or.kr/thm/01/copy/00/58/77/tn_DST740228.jpg"
2021,대구단편영화제,가양7단지,서예향,국내경쟁,,"인물,사회","가양7단지 사람들의 이야기를 듣는다.연출의도: 영구임대아파트단지라는 물질적 세계를 기반으로, 그곳에 사는 이들의 비물질적 기억을 들어 본다. 아마 그 기억은 서로 닮아 있을 수도 혹은 전혀 다를 수도 있겠다. 그렇다면 그건 어디에서 맞물리는지, 또 어디에서 어긋나는지. 이들의 삶은, 우리의 삶은, 각각 어떤 형태를 띠고 있는지, 어떤 모양을 갖고 있는지, 그려 본다.",,35,2020,"정순옥,안상순,백영주",https://ssl.pstatic.net/imgmovie/mdi/mit110/1996/199681_P01_163937.jpg,"http://file.koreafilm.or.kr/thm/01/copy/00/55/62/tn_DST706690.jpg,http://file.koreafilm.or.kr/thm/01/copy/00/55/62/tn_DST706691.jpg,http://file.koreafilm.or.kr/thm/01/copy/00/55/62/tn_DST706692.jpg,http://file.koreafilm.or.kr/thm/01/copy/00/55/62/tn_DST706693.jpg"
2021,대구단편영화제,가장 환하고 따뜻한,최진영,장편초청,,드라마,정인은 오래전 헤어진 요섭을 만나기 위해 전주에 온다. 하지만 요섭은 정인의 전화를 무시한다. 하릴없이 오래전 요섭과 함께 걸었던 거리를 걷다가 어느 카페와 술집을 간다. 그곳에서 정인은 전혀 모르는 사람들과 대화를 한다. 정인은 어느덧 위로를 받고 있다.,15세관람가,76,2021,"한혜지,이요섭,이가경",,
2021,대구단편영화제,오촌,장현빈,대구단편 신작전 피칭포럼,,"가족,아동,드라마","할머니의 장례식 기간 동안 슬기는 5촌 지간 아저씨(오빠)인 정수와 함께 생활하게 된다. 슬기는 죽음과 이별의 의미를 알지 못하였지만, 3일간 할머니의 빈자리를 대체해 주며 정들었던 정수를 떠나보내고, 할머니를 보낸 엄마의 슬픔을 조금씩 공감하게 된다.",,29,2021,"김아영,옥채훈",,"http://file.koreafilm.or.kr/thm/01/copy/00/59/61/tn_DST749358.jpg,http://file.koreafilm.or.kr/thm/01/copy/00/59/61/tn_DST749360.jpg,http://file.koreafilm.or.kr/thm/01/copy/00/59/61/tn_DST749361.jpg,http://file.koreafilm.or.kr/thm/01/copy/00/59/61/tn_DST749362.jpg,http://file.koreafilm.or.kr/thm/01/copy/00/59/61/tn_DST749363.jpg,http://file.koreafilm.or.kr/thm/01/copy/00/59/61/tn_DST749364.jpg"
2021,대구단편영화제,보드랍게,박문칠,장편초청,,"인물,사회,역사","한 사람의 삶이란 얼마나 복잡하고 모순적인가. 다큐멘터리  보드랍게 가 조명하는 인물 김순악의 인생도 그러하다. 일본군 ‘위안부’로 끌려가 비참한 삶을 살았던 김순악은 해방 이후 생존의 궁지에 몰려 유곽에서 생활하기도 했고, 미군 기지촌에서 ‘색시 장사’도 했으며, 미군에서 나온 물건을 팔러 다니기도 했다. 전주국제영화제와 깊은 인연을 가진 박문칠 감독은 한 인물을 성스럽게 포장하거나 박제화하는 대신, 있는 그대로의 삶을 생생하게 기록해 우리에게 보여준다. 경북 사투리로 김순악의 증언을 낭독한다거나 애니메이션, 아카이브 영상 등 다양한 매체를 활용하는 등 연출의 세공술이 돋보이는 작품이다. [문석]",,73,2020,"김순악,안이정선,이인순",https://ssl.pstatic.net/imgmovie/mdi/mit110/1946/194668_P01_111731.jpg,"http://file.koreafilm.or.kr/thm/01/copy/00/54/35/tn_DST692069.jpg,http://file.koreafilm.or.kr/thm/01/copy/00/54/35/tn_DST692070.jpg,http://file.koreafilm.or.kr/thm/01/copy/00/54/35/tn_DST692071.jpg,http://file.koreafilm.or.kr/thm/01/copy/00/54/35/tn_DST692072.jpg,http://file.koreafilm.or.kr/thm/01/copy/00/54/35/tn_DST692073.jpg,http://file.koreafilm.or.kr/thm/01/copy/00/54/35/tn_DST692074.jpg,http://file.koreafilm.or.kr/thm/01/copy/00/54/35/tn_DST692075.jpg"
2021,대구단편영화제,여름의 나무들,이수유,그린-ing,,자연ㆍ환경,나는 엄마의 어린 시절에 대해 묻는다. 한 아이가 자라 아이들을 낳았고 그중 한 아이는 내가 되었다.,,40,2020,,https://ssl.pstatic.net/imgmovie/mdi/mit110/1996/199680_P01_164616.png,"http://file.koreafilm.or.kr/thm/01/copy/00/58/90/tn_DST741530.jpg,http://file.koreafilm.or.kr/thm/01/copy/00/58/90/tn_DST741531.jpg,http://file.koreafilm.or.kr/thm/01/copy/00/58/90/tn_DST741532.jpg"
2021,대구단편영화제,슈뢰딩거의 냥이들,서윤수,국내경쟁,,드라마,동거중인 정선과 현승은 행복주택 공모에 거듭 탈락한다. 정선은 전세 대출을 받아 경기도로 가고 싶지만 현승은 서울살이에 대한 미련을 버리지 못한다.,,23,2021,"강진아,이승현",https://ssl.pstatic.net/imgmovie/mdi/mit110/2047/204764_P01_161521.jpg,"http://file.koreafilm.or.kr/thm/01/copy/00/57/43/tn_DST726599.jpg,http://file.koreafilm.or.kr/thm/01/copy/00/57/43/tn_DST726600.jpg,http://file.koreafilm.or.kr/thm/01/copy/00/57/43/tn_DST726601.jpg,http://file.koreafilm.or.kr/thm/01/copy/00/57/43/tn_DST726598.jpg"
2021,대구단편영화제,"일시정지, 시네마",박주환,국내경쟁,,"기업ㆍ기관ㆍ단체,지역",영화를 좋아하고 영화분야에서 일하고 싶었던 유재균은 2016년 춘천에 독립영화전용관 '일시정지시네마'를 만든다. 관객이 많지는 않아도 꾸준히 찾아오는 사람들도 생기고 춘천에 명물로 자리를 잡았다. 그러나 그는 '일시정시시네마'를 폐관하기로 결심한다.,,32,2020,,https://ssl.pstatic.net/imgmovie/mdi/mit110/1971/197163_P01_105227.jpg,"http://file.koreafilm.or.kr/thm/01/copy/00/55/67/tn_DST707203.jpg,http://file.koreafilm.or.kr/thm/01/copy/00/55/67/tn_DST707204.jpg,http://file.koreafilm.or.kr/thm/01/copy/00/55/67/tn_DST707205.jpg"
2021,대구단편영화제,인흥리 37-1,김지혜,국내경쟁,,드라마,강원도 고성의 한 대학교에서 유학 중인 네팔에서 온 파미르. 2019년 거대 화마가 휩쓸고 간 인흥리 마을에서 오래된 슬픔을 발견하게 된다.,,23,2020,"파미르 카르키,김현영,민병욱",https://ssl.pstatic.net/imgmovie/mdi/mit110/1986/198663_P01_143233.jpg,"http://file.koreafilm.or.kr/thm/01/copy/00/55/92/tn_DST709829.jpg,http://file.koreafilm.or.kr/thm/01/copy/00/55/92/tn_DST709830.jpg,http://file.koreafilm.or.kr/thm/01/copy/00/55/92/tn_DST709831.jpg"
2021,대구단편영화제,귀신 친구,정혜연,국내경쟁,,기타,,,,,,,
2021,대구단편영화제,엄마는 무엇을 잊었는가,윤진,배리어프리,,드라마,아들(윤호)이 예비 며느리(마리)를 데리고 귀국했다가 다시 돌아갈 날이 되었다. 엄마는 공항으로 배웅 가는 중 둘의 궁합 점을 보지만 점괘가 좋지 않다. 무당은 며느리의 얼굴에 닭 피를 묻히면 액운을 면할 수 있다고 하는데…,,17,2020,,https://ssl.pstatic.net/imgmovie/mdi/mit110/1961/196140_P01_133848.jpg,http://file.koreafilm.or.kr/thm/01/copy/00/58/97/tn_DST742237.jpg
2021,대구단편영화제,파장동,송원준,국내경쟁,,드라마,"재개발 구역 파장동에서 투쟁과 연대를 하며 살아가는 노동자 석현, 비정규직으로 하루하루 살아가던 어느날, 자신이 일하는 지부의 본사가 파장동으로 이전한다는 소식과 동시에 들어오는 본사의 정규직 회유. 석현은 자신의 신념과 가치에 대해 선택해야한다.",,25,2021,"김우겸,손용범,장준현",https://ssl.pstatic.net/imgmovie/mdi/mit110/2080/208028_P01_163705.png,http://file.koreafilm.or.kr/thm/01/copy/00/58/62/tn_DST738716.jpg
2021,정동진독립영화제,도와줘!,김지안,섹션3 상영,,코메디,"자취방에서 쫓겨나기 직전의 가난한 공시생 종수. 모든 것을 포기하려는 순간, 옆집 할머니 정애가 문을 두드린다. 치매끼가 살짝 있는 정애. 그녀를 도와주다가 종수는 정애의 집 비밀번호와 통장 잔고를 알게 되는데...",,25,2020,"곽민규,변중희",,"http://file.koreafilm.or.kr/thm/01/copy/00/55/60/tn_DST706458.jpg,http://file.koreafilm.or.kr/thm/01/copy/00/55/60/tn_DST706459.jpg,http://file.koreafilm.or.kr/thm/01/copy/00/55/60/tn_DST706460.jpg,http://file.koreafilm.or.kr/thm/01/copy/00/55/60/tn_DST706457.jpg"
2021,부에노스아이레스 국제독립영화제,셀프-포트레이트 2020,이동우,International Official Competition,,"인물,사회","펑크 뮤지션의 기상천외한 활동상을 근접촬영한  노후 대책 없다 (2016) 의 이동우 감독이 종로 탑골공원에서 만난 노숙자를 주인공으로 두 번째 영화를 만들었다. 아침부터 취해서 이동우 감독에게 돈을 뜯어내는 걸로 첫 등장한 이 남자는 유치장을 제집처럼 들락거리며 브레송, 오즈, 하길종을 입에 올리는 수상쩍은 인물이다. 여러모로 대책 없어 보이는 그는  자화상 2000 이라는 단편영화로 베니스국제영화제와 클레르몽페랑단편영화제에 초청된 적이 있다 한다.  셀프-포트레이트 2020 은 기묘한 우정의 기록이다. 가난한 청년 영화감독이 20년 전 어느 유망한 청년감독에게 보내는 존중(오마주)의 영화이자 그가 실패한 자리에서 이동우 감독이 해낸 두 번째 작품이다. 두 명의 감독, 두 편의 영화, 그리고 더 없이 멋진 엔딩 크레딧. (강소원)",,168,2020,Lee Sang-yeol,https://ssl.pstatic.net/imgmovie/mdi/mit110/1984/198479_P05_120907.jpg,"http://file.koreafilm.or.kr/thm/01/copy/00/55/40/tn_DST704323.jpg,http://file.koreafilm.or.kr/thm/01/copy/00/55/40/tn_DST704324.jpg,http://file.koreafilm.or.kr/thm/01/copy/00/55/40/tn_DST704325.jpg,http://file.koreafilm.or.kr/thm/01/copy/00/55/40/tn_DST704326.jpg,http://file.koreafilm.or.kr/thm/01/copy/00/55/40/tn_DST704327.jpg,http://file.koreafilm.or.kr/thm/01/copy/00/55/40/tn_DST704322.jpg"
2021,부산국제단편영화제,창문 너머에,강지숙,한국경쟁,,드라마,남자가 트럭에 딸을 태우고 가출한 베트남 아내를 찾으러 다닌다. 소녀는 아빠를 돕는 척 하지만 사실 엄마가 집에 돌아오지 않길 바란다.,,28,2020,,https://ssl.pstatic.net/imgmovie/mdi/mit110/1949/194956_P01_135900.jpg,"http://file.koreafilm.or.kr/thm/01/copy/00/56/33/tn_DST715494.jpg,http://file.koreafilm.or.kr/thm/01/copy/00/56/33/tn_DST715495.jpg,http://file.koreafilm.or.kr/thm/01/copy/00/56/33/tn_DST715496.jpg,http://file.koreafilm.or.kr/thm/01/copy/00/56/33/tn_DST715497.jpg,http://file.koreafilm.or.kr/thm/01/copy/00/56/33/tn_DST715498.jpg"
2021,부산국제단편영화제,쥐뢰,홍연이,한국경쟁,한국경쟁 우수작품상,드라마,"한빈의 엄마가 집에 돌아오지 않은 지 한 달째, 집에서 쥐가 나오기 시작한다. 쥐는 부엌, 거실 등으로 점점 영역을 확장하며 집 안 곳곳을 돌아다니고, 한빈은 동생인 하나와 쥐를 피해 방에서 생활한다.​",,19,2020,"박효은,이지현",https://ssl.pstatic.net/imgmovie/mdi/mit110/1987/198711_P00_175345.jpg,"http://file.koreafilm.or.kr/thm/01/copy/00/56/37/tn_DST715895.jpg,http://file.koreafilm.or.kr/thm/01/copy/00/56/37/tn_DST715896.jpg,http://file.koreafilm.or.kr/thm/01/copy/00/56/37/tn_DST715897.jpg,http://file.koreafilm.or.kr/thm/01/copy/00/56/37/tn_DST715898.jpg"
2021,부산국제단편영화제,혈연,왕희송,한국경쟁,한국경쟁 심사위원특별상,스릴러,함께 떠난 캠핑에서 좀비가 되어버린 아버지. 유일한 피난처인 차 안에 숨어 7일째 홀로 생존 중인 주희 앞에 갑자기 혜지가 나타난다.,,29,2020,"고승주,고현지,정연",https://ssl.pstatic.net/imgmovie/mdi/mit110/1948/194874_P01_175144.jpg,"http://file.koreafilm.or.kr/thm/01/copy/00/54/74/tn_DST696248.jpg,http://file.koreafilm.or.kr/thm/01/copy/00/54/74/tn_DST696249.jpg,http://file.koreafilm.or.kr/thm/01/copy/00/54/74/tn_DST696250.jpg"
2021,부산국제단편영화제,디스크조각모음,황보새별,코리아 쇼츠 - 예외적 관점,,"공포,판타지","Defragmentation(디스크 조각모음)이라는 디지털 프로세스에 은유적으로 인간의 사고 과정을 대입하여 양가성이라는 모순된 심리를 표현하고자 한다. 작품설명: Defragmentation(디스크 조각모음)이란, 삭제와 기록의 반복으로 조각난 볼륨(하드디스크나 저장장치)을 효율적으로 작동시키기 위해서 조각난 단편들을 재배열하여 단편화의 양을 감소시키는 프로세스로서, 성능을 향상시키는 시스템이다. 본 작품에서는 위와 같은 Defragmentation의 프로세스를 내러티브 구조에 대입하여, 3개의 에피소드를 재배열한다. 각 에피소드의 내러티브 단위는 고유의 컬러 값으로 구별되어 컬러 값에 따리 지워지고 재조립된다. 각 에피소드의 메인 캐릭터의 시점에서 볼 때, 지워지는 내러티브 단위들은 ‘견딜 수 없는 괴로운 것들’ 이다. 지워지지 않은 단위의 이야기들은 지워진 단위의 빈자리를 채우며 재정립되고, 지워진 그 것들은 애초에 존재하지 않았던 것처럼 보여진다.",12세관람가,14,2014,,https://ssl.pstatic.net/imgmovie/mdi/mit110/1251/125106_P00_161107.jpg,"http://file.koreafilm.or.kr/thm/01/copy/00/51/42/tn_DST655019.jpg,http://file.koreafilm.or.kr/thm/01/copy/00/51/42/tn_DST655020.jpg,http://file.koreafilm.or.kr/thm/01/copy/00/51/42/tn_DST655021.jpg"
2021,부산국제단편영화제,얼룩,박덕진,부산 IN,,드라마,"할머니가 집을 비운 동안 자폐를 가진 동석은 할아버지와 단둘이 시간을 보낸다. 자상한 할머니와는 달리 할아버지는 동석을 성가시게 생각한다. 할아버지가 잠든 사이 동석은 혼자 밖으로 나가고, 해가 저물고 나서야 잠에서 깬 할아버지는 동석을 찾기 시작한다. 부산아시아영화학교의 워크숍을 통해 만들어진 이 영화는, 우리 사회가 가진 장애인에 대한 불편한 시선과 편견에 대해 이야기하며 정해진 틀에서 벗어나 인물과 세상을 바라보기를 권한다. 타인에 의해 동석에게 묻은 ‘얼룩’은 그들에 의해서만 지워질 수 있을 것이다. [제38회 부산국제단편영화제]",,14,2020,"윤석이,허준기,양귀례",https://ssl.pstatic.net/imgmovie/mdi/mit110/2037/203760_P01_161702.jpg,"http://file.koreafilm.or.kr/thm/01/copy/00/58/42/tn_DST736665.jpg,http://file.koreafilm.or.kr/thm/01/copy/00/58/42/tn_DST736666.jpg"
2021,부산국제단편영화제,끝달,윤상준,한국경쟁,,드라마,7년의 연애 끝에 예은은 도윤에게 이별을 통보한다. 그러자 도윤은 터무니없는 달리기 내기를 제안한다. 도윤은 이별하기 싫어 죽겠다.,,19,2019,"김우겸,신기환",https://ssl.pstatic.net/imgmovie/mdi/mit110/2037/203744_P01_110457.jpg,"http://file.koreafilm.or.kr/thm/01/copy/00/53/98/tn_DST688068.jpg,http://file.koreafilm.or.kr/thm/01/copy/00/53/98/tn_DST688079.jpg,http://file.koreafilm.or.kr/thm/01/copy/00/53/98/tn_DST688080.jpg,http://file.koreafilm.or.kr/thm/01/copy/00/53/98/tn_DST688081.jpg,http://file.koreafilm.or.kr/thm/01/copy/00/53/98/tn_DST688082.jpg,http://file.koreafilm.or.kr/thm/01/copy/00/53/98/tn_DST688083.jpg"
2021,부산국제단편영화제,수리불가,장현호,한국경쟁,,드라마,"투쟁끝에 복직에서 성공한 에어컨기사 동수가, 이별한 가족집의 에어컨을 고쳐주기 위해 건물에 매달리는 이야기",,23,2020,,https://ssl.pstatic.net/imgmovie/mdi/mit110/2037/203743_P01_110915.jpg,
2021,부산국제단편영화제,히치하이커,윤재호,코리아 쇼츠 - 분단 연대기,,드라마,"늦은 밤, 인적이 드문 도로변에서 정체 불명의 중년 남자가 히치하이킹을 시도한다. 아무도 태워 주지 않자 그는 다짜고짜 어느 봉고차 앞에 멈춰 선다. 중년 남자는 봉고차에 무작정 올라타선 운전수에게 술을 마시자고 한다.",,20,2016,"이태규,홍승일,강석철",https://ssl.pstatic.net/imgmovie/mdi/mit110/1501/150110_P01_154127.jpg,"http://file.koreafilm.or.kr/thm/01/copy/00/54/40/tn_DST692603.jpg,http://file.koreafilm.or.kr/thm/01/copy/00/54/40/tn_DST692604.jpg,http://file.koreafilm.or.kr/thm/01/copy/00/54/40/tn_DST692605.jpg,http://file.koreafilm.or.kr/thm/01/copy/00/54/40/tn_DST692602.jpg"
2021,부산국제단편영화제,꼬리,김후중,코리아 쇼츠 - 분단 연대기,,드라마,"종학은 20년간, 탈북자 상담을 담당하는 국정원 공무원이자 남파 간첩으로 성실하게 살아왔다. 그는 결혼도 하지 않고 친구들과 어울리지도 않으며 첩보 업무에 매진한다. 그러나 그동안 꼼꼼히 작성했던 보고서들이 창고에 방치된 채, 단 한 건도 북으로 보내지지 않았다는 사실에 충격을 받는다. 그가 괴로운 것은 배신당한 신념 때문이 아니라 지금껏 해왔던 업무들이 결국 그 무엇도 바꾸지 못했기 때문이다. 그는 20년 동안 조국과 자신을 이어줬다고 믿었던 그 보고서들은 소리 없는 메아리에 불과했다. 덕분에 연좌제로 사살당해야만 했던 많은 이들이 살 수 있었다는 이야기는 귀에 들어오지 않는다. 지금 그를 짓누르는 건, 전에 없던 고립감과 잃어버린 존재의 이유이다. (DIAFF 김경태)",,28,2018,"이원종,최희승,김종구",https://ssl.pstatic.net/imgmovie/mdi/mit110/1751/175117_P01_163613.png,"http://file.koreafilm.or.kr/thm/01/copy/00/49/23/tn_DSKT297952.jpg,http://file.koreafilm.or.kr/thm/01/copy/00/49/23/tn_DSKT297953.jpg,http://file.koreafilm.or.kr/thm/01/copy/00/49/23/tn_DSKT297954.jpg"
2021,부산국제단편영화제,언팟,박희은,한국경쟁,,드라마,"78세 노모(老母) 경자는 내일이면 요양원에 들어가야 한다. 그런 경자를 위해 엄마의 살림을 정리하던 큰 딸 스텔라는 말라빠진 작은 화분을 발견한다. 그 화분을 버리려 하는 스텔라. 하지만 경자는 그 나무가 살아있다며 버리지 못하게 한다. 한편, 작은 딸 지니는 엄마의 마지막 모습을 보러 타주에서 온다. 엄마와 함께 바닷가를 가는 중에 엄마의 치매가 심각해졌음을 알게 되며 충격받는 지니. 그리고 그날 저녁 경자와 지니는 스텔라 식구들과 마지막 저녁식사를 함께 한다.",,26,2020,"연종옥,박그리나,최빈야",https://ssl.pstatic.net/imgmovie/mdi/mit110/1949/194958_P01_141113.jpg,"http://file.koreafilm.or.kr/thm/01/copy/00/55/99/tn_DST710661.jpg,http://file.koreafilm.or.kr/thm/01/copy/00/55/99/tn_DST710662.jpg,http://file.koreafilm.or.kr/thm/01/copy/00/55/99/tn_DST710663.jpg,http://file.koreafilm.or.kr/thm/01/copy/00/55/99/tn_DST710664.jpg"
2021,부산국제단편영화제,기사선생,김서윤,코리아 쇼츠 - 분단 연대기,,"드라마,반공/분단",개성공단으로 식자재를 배달하는 성민은 북한 여직원 숙희가 듣고 싶어 하는 남한노래를 mp3에 담아 북으로 향한다.,전체관람가,24,2018,"배유람,유혜리,이한위",https://ssl.pstatic.net/imgmovie/mdi/mit110/1811/181100_P01_152044.jpg,"http://file.koreafilm.or.kr/thm/01/copy/00/49/92/tn_DSKT301308.jpg,http://file.koreafilm.or.kr/thm/01/copy/00/49/92/tn_DSKT301309.jpg,http://file.koreafilm.or.kr/thm/01/copy/00/49/92/tn_DSKT301310.jpg,http://file.koreafilm.or.kr/thm/01/copy/00/49/92/tn_DSKT301311.jpg,http://file.koreafilm.or.kr/thm/01/copy/00/49/92/tn_DSKT301312.jpg"
2021,부산국제단편영화제,아마 늦은 여름이었을 거야,김소형,한국경쟁,,"드라마,멜로/로맨스,가족,코메디","올해로 환갑을 맞은 정연은 일본에서 결혼해 살고 있는 딸을 만나러 일본에 간다. 마중 나오겠다던 딸은 없고, 자신의 손녀라는 어린 소녀, 우에쿠사 안이 정연을 기다린다.",,26,2019,"김자영,카나이 타마키",https://ssl.pstatic.net/imgmovie/mdi/mit110/1949/194951_P01_102221.png,"http://file.koreafilm.or.kr/thm/01/copy/00/54/22/tn_DST690629.jpg,http://file.koreafilm.or.kr/thm/01/copy/00/54/22/tn_DST690630.jpg,http://file.koreafilm.or.kr/thm/01/copy/00/54/22/tn_DST690631.jpg,http://file.koreafilm.or.kr/thm/01/copy/00/54/22/tn_DST690632.jpg,http://file.koreafilm.or.kr/thm/01/copy/00/54/22/tn_DST690633.jpg,http://file.koreafilm.or.kr/thm/01/copy/00/54/22/tn_DST690634.jpg,http://file.koreafilm.or.kr/thm/01/copy/00/54/22/tn_DST690635.jpg"
2021,부산국제단편영화제,크리스마스 선물,김성규,한국경쟁,,"드라마,스릴러",크리스마스이브. 차가운 도심의 어느 광장. 늙은 걸인과 택시 기사 그리고 젊은 감독 지망생이 서로를 알지 못한 채 스쳐 지나간다. 그리고 그들은 지난한 하루의 끝에서 운명적으로 다시 조우하게 된다.,,23,2019,Lee Gyuhak,https://ssl.pstatic.net/imgmovie/mdi/mit110/2037/203742_P01_111308.jpg,"http://file.koreafilm.or.kr/thm/01/copy/00/56/43/tn_DST716501.jpg,http://file.koreafilm.or.kr/thm/01/copy/00/56/43/tn_DST716500.jpg"
2021,부산국제단편영화제,은서,박준호,코리아 쇼츠 - 분단 연대기,,드라마,"북한 함흥 출신의 은서는 열일곱 살 때 혼자 남한에 왔다. 그로부터 20년이 흘렀다. 은서 곁에는 사랑하는 남편과 딸 현지가 있다. 어느 날 은서는 엄마가 한국에 왔다는 소식을 듣는다. 엄마와의 재회의 기쁨도 잠시, 은서는 혼란스럽다. 남편의 가족, 딸 현지의 친구들과 그 부모들이 자신을 어떻게 볼까. 자꾸 신경이 쓰인다. 은서는 북한에 있는 가족을 그리워하면서도 북한에서 왔다는 사실이 남한에서 낙인이 될까 불편하고 두려운 것이다. 은서의 우려와 두려움이 비단 그녀의 마음의 문제만은 아닐 것이다. “북한에서 온 걸 왜 숨겼느냐”, “북한 사람이 아닌 줄 알았다”, “현지도 가만 보면 북한 애 같다”는 주변의 말을 곱씹어보게 한다.  은서 는 한국예술종합학교 예술전문사에서 공부한 박준호 감독의 졸업 작품이다.",전체관람가,29,2019,"김진이,김미경,김율호",https://ssl.pstatic.net/imgmovie/mdi/mit110/1857/185776_P02_153159.png,"http://file.koreafilm.or.kr/thm/01/copy/00/53/89/tn_DST687196.jpg,http://file.koreafilm.or.kr/thm/01/copy/00/53/89/tn_DST687197.jpg,http://file.koreafilm.or.kr/thm/01/copy/00/53/89/tn_DST687198.jpg,http://file.koreafilm.or.kr/thm/01/copy/00/53/89/tn_DST687199.jpg,http://file.koreafilm.or.kr/thm/01/copy/00/53/89/tn_DST687200.jpg"
2021,부산국제단편영화제,갓스피드,박세영,한국경쟁,,"드라마,액션",매일 아침. 다른 동선을 따라 같은 사람들이 다른 물품을 전달한다. 이들은 검은개 조직의 하수인들이다. 오늘은 검은개 조직의 두목이 돌아오는 날이다. 부하들은 그를 위해 특별한 선물을 준비한다. 배를 타고 도시에 밀수된 포장물은 비밀리에 여러 사람의 손을 거쳐 목적지를 향해 나아간다. 한 사람이 실수를 저지르고 선물은 점점 망가지기 시작한다.,,27,2020,"고대영,김오키,양윤화",,"http://file.koreafilm.or.kr/thm/01/copy/00/57/65/tn_DST728875.jpg,http://file.koreafilm.or.kr/thm/01/copy/00/57/65/tn_DST728876.jpg,http://file.koreafilm.or.kr/thm/01/copy/00/57/65/tn_DST728877.jpg,http://file.koreafilm.or.kr/thm/01/copy/00/57/65/tn_DST728878.jpg,http://file.koreafilm.or.kr/thm/01/copy/00/57/65/tn_DST728879.jpg"
2021,메칼 국제단편영화제,유령들,박지연,Oblique Animation,,판타지,삶의 권태에 빠지고 그들은 유령이 되었다. 까마귀가 그들을 노린다.,,10,2019,"정연주,장형윤",https://ssl.pstatic.net/imgmovie/mdi/mit110/1946/194605_P01_153035.jpg,"http://file.koreafilm.or.kr/thm/01/copy/00/55/62/tn_DST706694.jpg,http://file.koreafilm.or.kr/thm/01/copy/00/55/62/tn_DST706695.jpg,http://file.koreafilm.or.kr/thm/01/copy/00/55/62/tn_DST706696.jpg"
2021,레지오국제단편영화제,세이레,박강,,,"드라마,미스터리,공포","아기가 태어나고 삼칠일. 아기 아빠가 장례식장에 다녀온 후, 아기가 아프기 시작한다.",,27,2020,"이한주,한해인,박예영",https://ssl.pstatic.net/imgmovie/mdi/mit110/2100/210035_P04_100357.jpg,http://file.koreafilm.or.kr/thm/01/copy/00/56/32/tn_DST715325.jpg
2021,KT 올레 TV 신진감독독립영화제,조의(JOY),권용재,,대상,기타,,,,,,,
2021,LA독립단편영화제,죽고 싶은 날에 한하여,김묘욱,Bronze Awards: September 2021,음악상,기타,,,,,,https://ssl.pstatic.net/imgmovie/mdi/mit110/2104/210486_P03_173204.JPEG,
