연도,영화제,장르,출품작,감독,출품분야,수상내역,수상인
2021,런던 리프트오프 영화제,일반(종합),뉴타운 생존자 수색작전,강민구,December 2021 Trendsetter Features,,강민구
2021,제주영화제,일반(종합),모가디슈,류승완,한국영화초이스,,
2021,제주영화제,일반(종합),바다의 양식,,제주트멍,,
2021,제주영화제,일반(종합),쓸모 없는 녀석,김중회,제주트멍,,
2021,제주영화제,일반(종합),낮과 달,이영아,개막작,,
2021,제주영화제,일반(종합),섬이없는지도,김성은,제주트멍,,
2021,제주영화제,일반(종합),자산어보,이준익,아일랜드시네마,,
2021,제주영화제,일반(종합),저는 잘 있어요,문재웅,제주트멍,,
2021,울산국제영화제,일반(종합),불도저에 탄 소녀,박이웅,비경쟁,,
2021,소리아 국제단편영화제,단편,조지아,제이 박,,,
2021,울산국제영화제,일반(종합),아시타비,김영찬,위프 파운데이션,,
2021,울산국제영화제,일반(종합),(BLANK),이가은,2021 상영작 위프 파운데이션,,
2021,울산국제영화제,일반(종합),무흘골,이영석,위프 파운데이션,,
2021,보고타 단편영화제,단편,미미(美味): 궁극의 식사,한재원,경쟁부문,,
2021,알레 키노 영 오디언스 영화제,청소년,아이들은 즐겁다,이지원,People for People,,
2021,여성인권영화제,일반(종합),높이뛰기,정수진,,,
2021,전북여성인권영화제,일반(종합),마리아와 비욘세,,,,
2021,전북여성인권영화제,일반(종합),청춘선거,민환기,,,
2021,여성인권영화제,일반(종합),역량향상교육,,경쟁,,
2021,알레 키노 영 오디언스 영화제,청소년,아이들은 즐겁다,이지원,Feature Films - Competition,Association of Polish Filmmakers - Best Feature Film for Children of High Artistic Value,이지원
2021,알레 키노 영 오디언스 영화제,청소년,아이들은 즐겁다,이지원,Feature Films - Competition,MARCINEK Feature Film,이지원
2021,알레 키노 영 오디언스 영화제,청소년,아이들은 즐겁다,이지원,Feature Films - Competition,International Jury of Film Educators - Special mention,이지원
2021,알레 키노 영 오디언스 영화제,청소년,아이들은 즐겁다,이지원,Feature Films - Competition,ZEF Film Educators Team - Honourable mention,이지원
2021,브르노 영화제,일반(종합),뉴타운 생존자 수색작전,강민구,Best First Time Director (Feature),Best First Time Director (Feature),강민구
2021,싱가포르 국제영화제,일반(종합),당신얼굴 앞에서,홍상수,Foreground,,
2021,싱가포르 국제영화제,일반(종합),구멍,한옥희,Domain,,
2021,조크자카르타-넷팩 아시아영화제,일반(종합),올드보이,박찬욱,Classic,,
2021,토리노 영화제,일반(종합),혼자 사는 사람들,홍성은,Torino 39,,
2021,올림피아 국제아동청소년영화제,청소년,찾아라 달팽이!,김다윤,In Competition - Fiction Short Films,,
2021,엑상프로방스 국제단편영화제,단편,아이즈앤혼즈,임채린,International Competition of Experimental Shorts,,
2021,조크자카르타-넷팩 아시아영화제,일반(종합),조지아,제이 박,Light of Asia,,
2021,조크자카르타-넷팩 아시아영화제,일반(종합),당신얼굴 앞에서,홍상수,Asian Perspective,,
2021,올림피아 국제아동청소년영화제,청소년,파이터,윤재호,In Competition - Fiction Feature Films,,
2021,서울독립영화제,독립,내 코가 석재,김보람,페스티벌 초이스,,
2021,서울독립영화제,독립,서울로,,페스티벌 초이스,,
2021,서울독립영화제,독립,피아노 프리즘,오재형,본선 장편경쟁,,
2021,서울독립영화제,독립,성적표의 김민영,"임지선,이재은",페스티벌 초이스,,
2021,서울독립영화제,독립,불모지,이탁,본선 단편경쟁,,
2021,서울독립영화제,독립,바운더리,윤가현,새로운선택,,
2021,서울독립영화제,독립,멜팅 아이스크림,,본선 장편경쟁,,
2021,서울독립영화제,독립,바리케이드,윤인호,독립영화 아카이브전,,
2021,서울독립영화제,독립,건전지 아빠,전승배,본선 단편경쟁,,
2021,서울독립영화제,독립,"여기, 나의 정원",김지곤,페스티벌 초이스,,
2021,서울독립영화제,독립,해로,,새로운선택,,
2021,서울독립영화제,독립,모어,이일하,본선 장편경쟁,,
2021,서울독립영화제,독립,피아니스트,조은선,페스티벌 초이스,,
2021,서울독립영화제,독립,세 친구,임순례,독립영화 아카이브전,,
2021,서울독립영화제,독립,"그 겨울, 나는",오성호,본선 장편경쟁,,
2021,서울독립영화제,독립,벗어날 탈 脫,서보형,새로운선택,,
2021,서울독립영화제,독립,희수,감정원,새로운선택,,
2021,서울독립영화제,독립,낮에는 덥고 밤에는 춥고,박송열,본선 장편경쟁,,
2021,서울독립영화제,독립,로그 인 벨지움,유태오,페스티벌 초이스,,
2021,푸와티에 국제학생영화제,일반(종합),매미,윤대원,Short Films Selection,,
2021,서울독립영화제,독립,같은 속옷을 입는 두 여자,김세인,본선 장편경쟁,,
2021,서울독립영화제,독립,서바이벌 택틱스,박근영,새로운선택,,
2021,서울독립영화제,독립,우수,오세현,페스티벌 초이스,,
2021,서울독립영화제,독립,젖꼭지 3차대전,백시원,페스티벌 초이스,,
2021,서울독립영화제,독립,말아,곽민승,페스티벌 초이스,,
2021,서울독립영화제,독립,모퉁이,,새로운선택,,
2021,서울독립영화제,독립,한 남자 달린다,"안지혜,함혜경",뉴-쇼츠,,
2021,서울독립영화제,독립,보속,양재준,본선 단편경쟁,,
2021,서울독립영화제,독립,제씨 이야기,,페스티벌 초이스,,
2021,서울독립영화제,독립,작은새와 돼지씨,김새봄,새로운선택,,
2021,서울독립영화제,독립,오늘 출가합니다,,페스티벌 초이스,,
2021,서울독립영화제,독립,프랜시스 베이킹,노영미,뉴-쇼츠,,
2021,서울독립영화제,독립,포옹,임흥순,페스티벌 초이스,,
2021,서울독립영화제,독립,만인의 연인,한인미,본선 장편경쟁,,
2021,서울독립영화제,독립,낮과 달,이영아,페스티벌 초이스,,
2021,서울독립영화제,독립,불안은 영혼을 잠식한다,김동식,페스티벌 초이스,,
2021,서울독립영화제,독립,흐르다,,본선 장편경쟁,,
2021,서울독립영화제,독립,침묵보다 변화를,문창현,뉴-쇼츠,,
2021,서울독립영화제,독립,"집에서, 집으로",지혜원,본선 장편경쟁,,
2021,서울독립영화제,독립,듣보인간의 생존신고,,본선 장편경쟁,,
2021,서울독립영화제,독립,컨버세이션,김덕중,본선 장편경쟁,,
2021,서울독립영화제,독립,사진 이어 붙이기,강예솔,새로운선택,,
2021,서울독립영화제,독립,"아치의 노래, 정태춘",,페스티벌 초이스,,
2021,서울독립영화제,독립,어디에도 없는 시간,장태구,본선 단편경쟁,,
2021,서울독립영화제,독립,소피의 세계,이제한,본선 장편경쟁,,
2021,서울독립영화제,독립,혜옥이,,새로운선택,,
2021,서울독립영화제,독립,나랑 아니면,박재현,본선 단편경쟁,,
2021,서울독립영화제,독립,매미,윤대원,본선 단편경쟁,,
2021,서울독립영화제,독립,206: 사라지지 않는,허철녕,페스티벌 초이스,,
2021,서울독립영화제,독립,Trans-Continental-Railway,정재훈,본선 단편경쟁,,
2021,서울독립영화제,독립,씨티백,황선영,본선 단편경쟁,,
2021,서울독립영화제,독립,Video Noire,성하은,본선 단편경쟁,,
2021,서울독립영화제,독립,선율,김윤정,본선 단편경쟁,,
2021,서울독립영화제,독립,외발자전거,이종헌,새로운선택,,
2021,서울독립영화제,독립,두 여자,허태인,새로운선택,,
2021,서울독립영화제,독립,텐트틴트,이준섭,새로운선택,,
2021,서울독립영화제,독립,뭐해,신지수,새로운선택,,
2021,서울독립영화제,독립,쓰는 일,유재인,새로운선택,,
2021,서울독립영화제,독립,버드세이버 보고서 제 2장,최희현,새로운선택,,
2021,서울독립영화제,독립,듀티,한정선,새로운선택,,
2021,서울독립영화제,독립,완벽한 동그라미,최민경,새로운선택,,
2021,서울독립영화제,독립,화광: 디아스포라의 묘,"김소영,이애림",페스티벌 초이스,,
2021,서울독립영화제,독립,포리징 삼부작,서원태,페스티벌 초이스,,
2021,서울독립영화제,독립,거북이와 여자들,한선희,페스티벌 초이스,,
2021,서울독립영화제,독립,내일의 연인들,김양희,페스티벌 초이스,,
2021,서울독립영화제,독립,돛대,이주승,페스티벌 초이스,,
2021,서울독립영화제,독립,평화가 사람 속을 걸어다니네,함유선,페스티벌 초이스,,
2021,서울독립영화제,독립,바다 위의 별,장승욱,페스티벌 초이스,,
2021,서울독립영화제,독립,나쁜 친구,한병아,페스티벌 초이스,,
2021,서울독립영화제,독립,짚신,"김홍준,황주호",독립영화 아카이브전,,
2021,서울독립영화제,독립,땅밑 하늘공간,강제규,독립영화 아카이브전,,
2021,서울독립영화제,독립,뫼비우스의 딸,김의석,독립영화 아카이브전,,
2021,서울독립영화제,독립,그 여름,김동빈,독립영화 아카이브전,,
2021,서울독립영화제,독립,헐리웃 키드,김덕민,뉴-쇼츠,,
2021,서울독립영화제,독립,"아듀, 오맹달",이강욱,뉴-쇼츠,,
2021,서울독립영화제,독립,바다는 고향을 알고 있다,노희정,뉴-쇼츠,,
2021,서울독립영화제,독립,데스랠리,"김윤정,김샛별,손채영",뉴-쇼츠,,
2021,서울독립영화제,독립,절대 시계를 보지 말 것,고동선,뉴-쇼츠,,
2021,서울독립영화제,독립,내 방 안의 Another World,강소연,뉴-쇼츠,,
2021,서울독립영화제,독립,코로나 극장,김세성,뉴-쇼츠,,
2021,서울독립영화제,독립,지붕 위의 두 남자,모현신,뉴-쇼츠,,
2021,서울독립영화제,독립,영화감독 구교환 브이로그,"이옥섭,구교환",뉴-쇼츠,,
2021,서울독립영화제,독립,소리 줍는 사람,오도이,뉴-쇼츠,,
2021,서울독립영화제,독립,네가 사랑한 것들을 기억할게,"이가홍,김연교,김서영",뉴-쇼츠,,
2021,서울독립영화제,독립,이별격리,은정현,뉴-쇼츠,,
2021,서울독립영화제,독립,손끝,정수연,뉴-쇼츠,,
2021,서울독립영화제,독립,외식,박송열,뉴-쇼츠,,
2021,서울독립영화제,독립,프리즈마,장주선,뉴-쇼츠,,
2021,서울독립영화제,독립,밴드큐,이유진,뉴-쇼츠,,
2021,서울독립영화제,독립,컵라면과 복숭아,조경원,뉴-쇼츠,,
2021,서울독립영화제,독립,성덕,오세연,페스티벌 초이스,,
2021,서울독립영화제,독립,균열,배기성,본선 단편경쟁,,
2021,서울독립영화제,독립,농몽,권순현,본선 단편경쟁,,
2021,서울독립영화제,독립,짝사랑,주영,본선 단편경쟁,,
2021,서울독립영화제,독립,국가유공자,박찬우,본선 단편경쟁,,
2021,서울독립영화제,독립,아무도 모르게,변여빈,본선 단편경쟁,,
2021,서울독립영화제,독립,조에아,유채정,본선 단편경쟁,,
2021,서울독립영화제,독립,돌림총,이상민,본선 단편경쟁,,
2021,서울독립영화제,독립,입하,"김예전,소은성",,,
2021,서울독립영화제,독립,퇴직금,전재연,본선 단편경쟁,,
2021,서울독립영화제,독립,굿포유,김일현,본선 단편경쟁,,
2021,서울독립영화제,독립,황룡산,김무영,본선 단편경쟁,,
2021,서울독립영화제,독립,습지 장례법,신종원,본선 단편경쟁,,
2021,서울독립영화제,독립,스프린터,최승연,개막작,,
2021,서울독립영화제,독립,해피해피 이혼파티,남순아,특별초청,,
2021,서울독립영화제,독립,잠 없는 꿈,한인미,장편경쟁,,
2021,서울독립영화제,독립,절해고도,김미영,페스티벌 초이스,,
2021,서울독립영화제,독립,섬이없는지도,김성은,초청장편,,
2021,서울독립영화제,독립,장갑을 사러,이현주,단편경쟁,,
2021,서울독립영화제,독립,죽으러가는길,이주승,페스티벌 초이스,,
2021,서울독립영화제,독립,높이뛰기,정수진,새로운선택 단편,,
2021,탈린 블랙나이츠 영화제,일반(종합),아이즈앤혼즈,임채린,Shorts New Talents Competition: Animation,,
2021,낭뜨 3대륙 영화제,일반(종합),당신얼굴 앞에서,홍상수,Official Selection - Special Screenings,,
2021,낭뜨 3대륙 영화제,일반(종합),남매의 여름밤,윤단비,Official Selection - Special Screenings,,
2021,탈린 블랙나이츠 영화제,일반(종합),건전지 아빠,전승배,Shorts Animation Competition,,
2021,탈린 블랙나이츠 영화제,일반(종합),기억극장,함희윤,Shorts Alternatives,,
2021,대만 금마장 영화제,일반(종합),혼자 사는 사람들,홍성은,Windows on Asia,,
2021,탈린 블랙나이츠 영화제,일반(종합),아홉 살의 사루비아,장나리,Shorts Animation Competition,,
2021,대만 금마장 영화제,일반(종합),당신얼굴 앞에서,홍상수,Master Class,,
2021,탈린 블랙나이츠 영화제,일반(종합),혼자 사는 사람들,홍성은,Current Waves,,
2021,김포국제청소년영화제,청소년,조지아,제이 박,경쟁,,
2021,김포국제청소년영화제,청소년,문경이네 집,,,,
2021,업 앤 커밍 하노버 국제영화제,일반(종합),Stair,이가은,International Competition,,
2021,마르델플라타 국제영화제,일반(종합),아이들은 즐겁다,이지원,children by the sea 초청,,
2021,전북청소년영화제,청소년,조지아,제이 박,개막작 초청,남우주연상,
2021,전북청소년영화제,청소년,조지아,제이 박,개막작 초청,여우주연상,
2021,전북청소년영화제,청소년,조지아,제이 박,개막작 초청,대상,
2021,서울국제음식영화제,일반(종합),카페인,김소린,오감만족 한국단편경선,,
2021,서울국제음식영화제,일반(종합),코로나 시대의 사랑,서은아,오감만족 한국단편경선,,
2021,서울국제음식영화제,일반(종합),할머니는 채식주의자,고명지,오감만족 한국단편경선,,
2021,서울국제음식영화제,일반(종합),밥 때,이성식,오감만족 한국단편경선,,
2021,서울국제음식영화제,일반(종합),파란,김현민,오감만족 한국단편경선,,
2021,서울국제음식영화제,일반(종합),육식콩나물,,오감만족 한국단편경선,,
2021,서울국제음식영화제,일반(종합),도시락,,오감만족 한국단편경선,,
2021,서울국제음식영화제,일반(종합),계란 카레라이스,,오감만족 한국단편경선,,
2021,서울국제음식영화제,일반(종합),메소드연기,이기혁,오감만족 한국단편경선,,
2021,서울국제음식영화제,일반(종합),청춘쌍곡선,한형모,"음식키워드로 다시 보는 한국 영화사 - 1950년대""",,
2021,서울국제음식영화제,일반(종합),샤론컵밥,김소윤,오감만족 한국단편경선,,
2021,서울국제음식영화제,일반(종합),난 김치가 싫어,,오감만족 한국단편경선,,
2021,서울국제음식영화제,일반(종합),박강아름 결혼하다,박강아름,새로운 맛의 발견,,
2021,서울국제음식영화제,일반(종합),베이글,나지경,오감만족 한국단편경선,,
2021,서울국제음식영화제,일반(종합),밥,이순혜,,,
2021,서울국제음식영화제,일반(종합),뭘 해도 애매한,"하수민,김다인",오감만족 한국단편경선,,
2021,서울국제음식영화제,일반(종합),모차르트 죽이기,유원동,오감만족 한국단편경선,,
2021,서울국제음식영화제,일반(종합),맛있는 엔딩,정소영,오감만족 한국단편경선,,
2021,서울국제음식영화제,일반(종합),라면먹방,김지현,오감만족 한국단편경선,,
2021,서울국제음식영화제,일반(종합),또 하루,박흥식,오감만족 한국단편경선,,
2021,서울국제음식영화제,일반(종합),나이트 크루징,김정인,오감만족 한국단편경선,,
2021,서울국제음식영화제,일반(종합),국물은 공짜가 아니다,강민아,오감만족 한국단편경선,,
2021,서울국제음식영화제,일반(종합),가장 개인적인 레시피,김현우,오감만족 한국단편경선,,
2021,서울국제음식영화제,일반(종합),밥상행사,박상은,오감만족 한국단편경선,,
2021,서울국제음식영화제,일반(종합),청파동 사람들,김재희,오감만족 한국단편경선,,
2021,서울국제음식영화제,일반(종합),배달의 정수,이나경,오감만족 한국단편경선,,
2021,서울국제음식영화제,일반(종합),비거닉 제주,"허성,김문경",오감만족 한국단편경선,,
2021,서울국제음식영화제,일반(종합),좋은날,황슬기,오감만족 한국단편경선,,
2021,부산독립영화제,독립,"아듀, 오맹달",이강욱,개막작,,
2021,부산독립영화제,독립,"아듀, 오맹달",이강욱,Made in Busan,,
2021,부산독립영화제,독립,석대천에 백조가 있을까?,이승화,Made in Busan,,
2021,부산독립영화제,독립,정인,,Made in Busan,,
2021,부산독립영화제,독립,"생, 가(歌)",김영효,Made in Busan,,
2021,부산독립영화제,독립,은영이의 XXX,서한솔,Made in Busan,,
2021,부산독립영화제,독립,이별값,오가희,Made in Busan,,
2021,부산독립영화제,독립,대영약국,김종한,Made in Busan,,
2021,부산독립영화제,독립,그림의 커피,홍혜린,Made in Busan,,
2021,부산독립영화제,독립,Trans-Continental-Railway,정재훈,Deep Focus,,
2021,부산독립영화제,독립,시간의 고고학,김응수,로컬투로컬,,
2021,부산독립영화제,독립,고양이는 자는 척을 할까,장윤미,로컬투로컬,,
2021,부산독립영화제,독립,추격의 목적,손호목,Made in Busan,,
2021,부산독립영화제,독립,오후 풍경,손구용,로컬투로컬,,
2021,부산독립영화제,독립,성덕,오세연,메이드 인 부산 경쟁,,
2021,부산독립영화제,독립,어디에도 없는 시간,장태구,Made in Busan,MADE IN BUSAN 경쟁 대상,
2021,부산독립영화제,독립,사랑의 여름,이성욱,Made in Busan,,
2021,부산독립영화제,독립,틈,,스펙트럼 부산 - 리와인드,,
2021,부산독립영화제,독립,러닝 포토스,김나영,포럼,,
2021,부산독립영화제,독립,월간-할매,김지곤,포럼,,
2021,부산독립영화제,독립,버스를 타라,김정근,포럼,,
2021,부산독립영화제,독립,"산 23-1, X",,Made in Busan,,
2021,부산독립영화제,독립,"짧은 여행의 기록, 광주",김백준,포럼,,
2021,부산독립영화제,독립,환호성,정재훈,Deep Focus,,
2021,부산독립영화제,독립,섬이없는지도,김성은,로컬 투 로컬,,
2021,부산독립영화제,독립,그들은 우리의 응시에 응답한다,백종관,로컬투로컬,,
2021,부산독립영화제,독립,시간이 되돌리는 시간,전준혁,로컬투로컬,,
2021,부산독립영화제,독립,"그래도, 화이팅!",김준석,로컬투로컬,,
2021,부산독립영화제,독립,석대천에 백조가 있을까?,이승화,개막작,,
2021,부산독립영화제,독립,호수길,정재훈,Deep Focus,,
2021,부산독립영화제,독립,고마운 사람,"허지은,이경호",로컬투로컬,,
2021,부산독립영화제,독립,태안,구자환,로컬투로컬,,
2021,부산독립영화제,독립,장학생,장주선,로컬투로컬,,
2021,부산독립영화제,독립,나들이,김선경,스펙트럼 부산 - 리와인드,,
2021,부산독립영화제,독립,남남,고경수,로컬투로컬,,
2021,부산독립영화제,독립,어디에도 없는 시간,장태구,개막작,,
2021,부산독립영화제,독립,희수,감정원,로컬투로컬,,
2021,부산독립영화제,독립,철선,김지곤,스펙트럼 부산 - 나우,,
2021,부산독립영화제,독립,우리의 낮과 밤,김소형,로컬투로컬,,
2021,부산독립영화제,독립,"산 23-1, X",,포럼,,
2021,부산독립영화제,독립,해돋이,김태휘,로컬투로컬,,
2021,부산독립영화제,독립,미스터 장,장병기,로컬투로컬,,
2021,부산독립영화제,독립,평평남녀,김수정,스펙트럼 부산 - 나우,,
2021,부산독립영화제,독립,어디에도 없는 시간,장태구,폐막작,,
2021,부산독립영화제,독립,바람의 아이,김동명,Made in Busan,,
2021,부산독립영화제,독립,영 아일랜드,김종한,포럼,,
2021,부산독립영화제,독립,운동회,김진태,포럼,,
2021,부산독립영화제,독립,체온,유상곤,스펙트럼 부산 - 리와인드,,
2021,부산독립영화제,독립,집,이정애,스펙트럼 부산 - 리와인드,,
2021,부산독립영화제,독립,컨버세이션,김덕중,로컬투로컬,,
2021,부산독립영화제,독립,10월의 이름들,이동윤,포럼,,
2021,부산독립영화제,독립,어느 시골 소녀의 일기,,Made in Busan,,
2021,부산독립영화제,독립,도돌이 언덕에 난기류,정재훈,Deep Focus,,
2021,부산독립영화제,독립,서울로,,로컬투로컬,,
2021,부산독립영화제,독립,상냥한 쪽으로,정재훈,Deep Focus,,
2021,부산독립영화제,독립,차별,김지운,스펙트럼 부산 - 나우,,
2021,부산독립영화제,독립,작은새와 돼지씨,김새봄,Made in Busan,,
2021,하와이 국제영화제,일반(종합),거래완료,조경호,Spotlight on Korea,,
2021,하와이 국제영화제,일반(종합),대외비,이원태,Spotlight on Korea & Maui Showcase,,
2021,하와이 국제영화제,일반(종합),김현주,강지효,Spotlight on Korea Shorts,,
2021,경남독립영화제,독립,블루시티서울,정성준,초청,,
2021,시퀀스 국제단편영화제,단편,신의 딸은 춤을 춘다,변성빈,,,
2021,만하임-하이델베르크 국제영화제,일반(종합),종착역,"권민표,서한솔",Kinderfilmfest,,
2021,하와이 국제영화제,일반(종합),행복의 나라로,임상수,Spotlight on Korea & Asian Cinerama,,
2021,하와이 국제영화제,일반(종합),성적표의 김민영,"임지선,이재은",Spotlight on Korea,,
2021,오슬로 필름즈 프롬 더 사우스 영화제,일반(종합),괴기맨숀,조바른,Thrills & Chills,,
2021,하와이 국제영화제,일반(종합),긴 하루,조성규,Spotlight on Korea,,
2021,하와이 국제영화제,일반(종합),Fanning,전예진,Spotlight on Korea Shorts,,
2021,스톡홀름 국제영화제,일반(종합),당신얼굴 앞에서,홍상수,Open Zone,,
2021,삿포로 국제단편영화제,단편,아홉 살의 사루비아,장나리,International Competition,,
2021,하와이 국제영화제,일반(종합),유체이탈자,윤재근,Spotlight on Korea,,
2021,삿포로 국제단편영화제,단편,조지아,제이 박,International Competition,심사위원 특별상,
2021,하와이 국제영화제,일반(종합),조지아,제이 박,단편경쟁,,
2021,원주옥상영화제,일반(종합),조지아,제이 박,초청,,
2021,원주옥상영화제,일반(종합),죽으러가는길,이주승,초청,,
2021,제1회 건넛마을 영화제,일반(종합),개를 데리고 다니는 여자,조유경,,,
2021,하와이 국제영화제,일반(종합),내 코가 석재,김보람,Spotlight on Korea Shorts,,
2021,삿포로 국제단편영화제,단편,털괴,김오지숙,Horror,,
2021,하와이 국제영화제,일반(종합),싱크홀,김지훈,Spotlight on Korea,,
2021,하와이 국제영화제,일반(종합),우연히 나쁘게,,Spotlight on Korea Shorts,,
2021,하와이 국제영화제,일반(종합),장미,이기혁,Spotlight on Korea,,
2021,하와이 국제영화제,일반(종합),십개월의 미래,남궁선,Kau Ka H?k? Award Nominee & Spotlight on Korea,,
2021,오슬로 필름즈 프롬 더 사우스 영화제,일반(종합),기기괴괴 성형수,조경훈,Thrills & Chills,,
2021,코크 영화제,일반(종합),아이들은 즐겁다,이지원,Family programme section 초청,,
2021,하와이 국제영화제,일반(종합),공모,전인환,Spotlight on Korea Shorts,,
2021,코크 영화제,일반(종합),인트로덕션,홍상수,International Fiction,,
2021,하와이 국제영화제,일반(종합),말아,곽민승,Eat. Drink. Film,,
2021,하와이 국제영화제,일반(종합),둔내면 임곡로,전시형,Spotlight on Korea Shorts,,
2021,삿포로 국제단편영화제,단편,빵삥뿡뺑,,Family & Children,,
2021,하와이 국제영화제,일반(종합),인질,필감성,Spotlight on Korea & Kaua'i Showcase & Maui Showcase,,
2021,하와이 국제영화제,일반(종합),털괴,김오지숙,Spotlight on Korea Shorts,,
2021,히로시마 국제영화제,일반(종합),서복,이용주,Special Screenings,,
2021,천안 국제초단편영화제,단편,거꾸로,서은유,,감독상,서은유
2021,천안 국제초단편영화제,단편,"사랑하자 너부터,",유호재,본선,,
2021,황금촬영상 시상식,일반(종합),서복,이용주,,신인남우상,박보검
2021,텔아비브 국제 LGBT 영화제,퀴어,신의 딸은 춤을 춘다,변성빈,,,
2021,런던 한국영화제,일반(종합),메이드 인 루프탑,김조광수,Indie Talent,,
2021,런던 한국영화제,일반(종합),클라이밍,김혜미,Women's Voices,,
2021,토론토 릴 아시안 영화제,일반(종합),아이즈앤혼즈,임채린,Shorts,,
2021,런던 한국영화제,일반(종합),당신얼굴 앞에서,홍상수,Cinema Now,,
2021,토론토 릴 아시안 영화제,일반(종합),그녀를 지우는 시간,홍성윤,Features,,
2021,런던 한국영화제,일반(종합),라임크라임,"유재욱,이승환",Indie Talent,,
2021,런던 한국영화제,일반(종합),최선의 삶,이우정,Women's Voices,,
2021,런던 한국영화제,일반(종합),말아,곽민승,Indie Talent,,
2021,런던 한국영화제,일반(종합),아무도 없는 곳,김종관,Cinema Now,,
2021,런던 한국영화제,일반(종합),내일의 기억,서유민,Cinema Now,,
2021,토론토 릴 아시안 영화제,일반(종합),세자매,이승원,Features,,
2021,런던 한국영화제,일반(종합),재춘언니,이수정,Documentary,,
2021,런던 한국영화제,일반(종합),스프링 송,유준상,Cinema Now,,
2021,런던 한국영화제,일반(종합),도굴,박정배,Cinema Now,,
2021,런던 한국영화제,일반(종합),조제,김종관,Cinema Now,,
2021,런던 한국영화제,일반(종합),바람난 가족,임상수,"2003, Special Focus: Youn Yuh-jung",,
2021,런던 한국영화제,일반(종합),혼자 사는 사람들,홍성은,Cinema Now,,
2021,런던 한국영화제,일반(종합),자산어보,이준익,Cinema Now,,
2021,런던 한국영화제,일반(종합),복지식당,"서태수,정재익",Indie Talent,,
2021,빌바오 국제다큐멘터리&단편영화제,일반(종합),희수,감정원,Official Selection - ZIFF - Zinebi First Film International Competition,,
2021,런던 한국영화제,일반(종합),미싱타는 여자들,"김정영,이혁래",Documentary,,
2021,런던 한국영화제,일반(종합),하녀,임상수,Special Focus: Youn Yuh-jung,,
2021,런던 한국영화제,일반(종합),계춘할망,창,Special Focus: Youn Yuh-jung,,
2021,런던 한국영화제,일반(종합),죽여주는 여자,이재용,Special Focus: Youn Yuh-jung,,
2021,토론토 릴 아시안 영화제,일반(종합),버킷,김보영,Shorts,,
2021,판시네 - 말라가 판타스틱영화제,판타지,미드나이트,권오승,Fanzriller,,
2021,판시네 - 말라가 판타스틱영화제,판타지,클라이밍,김혜미,Anima Zone,,
2021,판시네 - 말라가 판타스틱영화제,판타지,터널,김성훈,CineAsia,,
2021,판시네 - 말라가 판타스틱영화제,판타지,내일의 기억,서유민,Fanzriller,,
2021,리즈 국제영화제,일반(종합),조지아,제이 박,국제경쟁,,
2021,성북청춘불패영화제,일반(종합),개를 데리고 다니는 여자,조유경,,우수상,
2021,성북청춘불패영화제,일반(종합),열쇠의 모든 것,양승욱,경쟁부문,,
2021,밴쿠버 아시안 영화제,일반(종합),첫 번째 아이,허정재,,,
2021,덴버 영화제,일반(종합),연극 수업,강유민,Student Shorts: Domestic Competition,,
2021,홍콩 아시안 영화제,일반(종합),파이터,윤재호,Out!,,
2021,홍콩 아시안 영화제,일반(종합),세 친구,임순례,More!,,
2021,AFI 영화제,일반(종합),운석이 떨어졌으면 좋겠어,,Short Film Competition,,
2021,덴버 영화제,일반(종합),매미,윤대원,Student Shorts: International Competition,,
2021,덴버 영화제,일반(종합),운석이 떨어졌으면 좋겠어,,Student Shorts: Animation Competition,,
2021,시카고 국제어린이영화제,기타,건전지 아빠,전승배,Animated Short Film,,
2021,홍콩 아시안 영화제,일반(종합),세자매,이승원,Now!,,
2021,홍콩 아시안 영화제,일반(종합),제보자,임순례,More!,,
2021,시카고 국제어린이영화제,기타,높이뛰기,정수진,Live-Action Short Film,,
2021,광주여성영화제,일반(종합),해피해피 이혼파티,남순아,단편경쟁,,
2021,광주여성영화제,일반(종합),나들이,이유진,초청,,
2021,필라델피아 아시안 아메리칸 영화제,일반(종합),조지아,제이 박,극영화 단편경쟁,대상,
2021,시카고 국제어린이영화제,기타,민서와 할아버지,,Animated Short Film,,
2021,테살로니키 국제영화제,일반(종합),인트로덕션,홍상수,Special Screenings,,
2021,홍콩 아시안 영화제,일반(종합),행복의 나라로,임상수,Now!,,
2021,밴쿠버 아시안 영화제,일반(종합),뒤 : 빡,,,,
2021,홍콩 아시안 영화제,일반(종합),당신얼굴 앞에서,홍상수,Now!,,
2021,광주여성영화제,일반(종합),마리아와 비욘세,,단편경쟁,,
2021,밴쿠버 아시안 영화제,일반(종합),귀문,심덕근,ScreenX Spotlight,,
2021,홍콩 아시안 영화제,일반(종합),와이키키 브라더스,임순례,More!,,
2021,홍콩 아시안 영화제,일반(종합),리틀 포레스트,임순례,More!,,
2021,밴쿠버 아시안 영화제,일반(종합),거래완료,조경호,Centerpiece Spotlight,,
2021,홍콩 아시안 영화제,일반(종합),성적표의 김민영,"임지선,이재은",New Talent Award,,
2021,홍콩 아시안 영화제,일반(종합),우리 생애 최고의 순간,임순례,More!,,
2021,덴버 영화제,일반(종합),꿈,김강민,Shorts,,
2021,홍콩 아시안 영화제,일반(종합),우중산책,임순례,More!,,
2021,CPH:PIX,일반(종합),당신얼굴 앞에서,홍상수,The Human Touch,,
2021,홍콩 아시안 영화제,일반(종합),소리도 없이,홍의정,Asian Film Awards Film Roadshow: Asian Cinerama,,
2021,덴버 영화제,일반(종합),당신얼굴 앞에서,홍상수,Colorado Dragon Boat Film Festival,,
2021,홍콩 아시안 영화제,일반(종합),최선의 삶,이우정,Out!,,
2021,홍콩 아시안 영화제,일반(종합),아름다운 생존: 여성 영화인이 말하는 영화,임순례,More!,,
2021,시카고 국제어린이영화제,기타,비빅,,Animated Short Film,,
2021,광주여성영화제,일반(종합),성덕,오세연,장편초청,,
2021,필라델피아 아시안 아메리칸 영화제,일반(종합),신의 딸은 춤을 춘다,변성빈,,,
2021,대한민국패럴스마트폰영화제,단편,내 동생,,패럴시네마 청소년,,
2021,서울국제프라이드영화제,퀴어,나들이,이유진,단편경쟁,,
2021,서울국제프라이드영화제,퀴어,너에게 가는 길,변규리,코리아프라이드 섹션 공식 초청,,
2021,서울국제프라이드영화제,퀴어,너에게 가는 길,변규리,썸머프라이드시네마 2021 개막작,,
2021,도쿄 국제영화제,일반(종합),오마주,신수원,"국제경쟁, 월드 프리미어",,
2021,대구여성영화제,일반(종합),부고,,단편,,
2021,대구여성영화제,일반(종합),해피해피 이혼파티,남순아,초청부문,,
2021,충무로단편영화제,단편,문경이네 집,,본선 진출,,
2021,충무로단편영화제,단편,조지아,제이 박,비경쟁,,
2021,충무로단편영화제,단편,파란,이현빈,일반/비경쟁 부문,입선,이현빈
2021,충무로단편영화제,단편,넋풀이,,청소년/고등학생 부문,심사위원대상,
2021,충무로단편영화제,단편,고립,유호재,일반/ 비경쟁부문,촬영상,유호재
2021,충무로단편영화제,단편,수필러브,홍두표,장편독립영화부문,연기대상,이봄
2021,충무로단편영화제,단편,수필러브,홍두표,장편독립영화부문,블루리본 대상,홍두표
2021,충무로단편영화제,단편,영화는 이미 완성되었다,이정하,일반/비경쟁 부문,가작,이정하
2021,충무로단편영화제,단편,운동화,전권하,일반/ 비경쟁부문,특별언급상,전권하
2021,충무로단편영화제,단편,나쁜 거래,배영한,일반/비경쟁 부문,가작,배영한
2021,충무로단편영화제,단편,"새, 공작(恐雀)",박근영,청년/대학생 부문,연기상(여자),
2021,충무로단편영화제,단편,해녀들의 이야기,지웅배,청년/ 대학생부문,특별언급상,지웅배
2021,샌디에고 아시안 영화제,일반(종합),파란 나라,김영글,Shorts,,
2021,샌디에고 아시안 영화제,일반(종합),인트로덕션,홍상수,Masters,,
2021,샌디에고 아시안 영화제,일반(종합),신의 딸은 춤을 춘다,변성빈,Shorts,,
2021,샌디에고 아시안 영화제,일반(종합),싱크홀,김지훈,Asia Pop!,,
2021,샌디에고 아시안 영화제,일반(종합),조지아,제이 박,Shorts,,
2021,샌디에고 아시안 영화제,일반(종합),성적표의 김민영,"임지선,이재은",nknown Pleasures,,
2021,샌디에고 아시안 영화제,일반(종합),당신얼굴 앞에서,홍상수,Masters,,
2021,충무로단편영화제,단편,세상이 그대를 힘들게 할지라도,조영상,일반/대학,,
2021,충무로단편영화제,단편,밥 때,이성식,청년/ 대학생부문,심사위원특별상,이성식
2021,충무로단편영화제,단편,자무시처럼,안수민,일반/ 비경쟁부문,심사위원 언급,안수민
2021,충무로단편영화제,단편,그 아래 작은 우물,김승연,청년/ 대학생부문,감독상,김승연
2021,충무로단편영화제,단편,미미(美味): 궁극의 식사,한재원,청년/ 대학생부문,특별상(판타스틱),한재원
2021,도시영화제,일반(종합),블루시티서울,정성준,초청부문 도시담화 섹션,,
2021,충무로단편영화제,단편,숨,,청년/대학생 부문,장려상,
2021,상파울루 국제영화제,일반(종합),기생충,봉준호,Special Screenings,,
2021,상파울루 국제영화제,일반(종합),인트로덕션,홍상수,International Perspective,,
2021,상파울루 국제영화제,일반(종합),도망친 여자,홍상수,International Perspective,,
2021,트리에스테 사이언스픽션 영화제,판타지,호스피스,김수영,경쟁부문,,
2021,파리 한국영화제,일반(종합),조지아,제이 박,숏컷경쟁,,
2021,파리 한국영화제,일반(종합),코리도라스,류형석,페이사쥬(Paysage),,
2021,파리 한국영화제,일반(종합),블루시티서울,정성준,단편경쟁부문,FlyAsiana 최우수 단편상,정성준
2021,파리 한국영화제,일반(종합),해피해피 이혼파티,남순아,,,
2021,전북독립영화제,독립,창밖은 겨울,이상진,장편경쟁,,
2021,전북독립영화제,독립,죽으러가는길,이주승,경쟁,,
2021,전북독립영화제,독립,보육교사,,,,
2021,전북독립영화제,독립,정말로 바란다면,,,,
2021,전북독립영화제,독립,열쇠의 모든 것,양승욱,경쟁,,
2021,전북독립영화제,독립,조지아,제이 박,지역경쟁,,
2021,사우스 필름앤아츠 아카데미 페스티벌,일반(종합),그대 어이가리,이창열,FEATURE FILMS: CAST & CREW AWARDS,Best Production In A Feature Film,이창열
2021,사우스 필름앤아츠 아카데미 페스티벌,일반(종합),그대 어이가리,이창열,FEATURE FILMS: CAST & CREW AWARDS,Best Cinematography In A Feature Film,
2021,사우스 필름앤아츠 아카데미 페스티벌,일반(종합),그대 어이가리,이창열,FEATURE FILM AWARDS,Best Indie Feature,이창열
2021,사우스 필름앤아츠 아카데미 페스티벌,일반(종합),그대 어이가리,이창열,FEATURE FILMS: CAST & CREW AWARDS,Best Screenplay In A Feature Film,이창열
2021,사우스 필름앤아츠 아카데미 페스티벌,일반(종합),그대 어이가리,이창열,FEATURE FILMS: CAST & CREW AWARDS,Best Director In A Feature Film,이창열
2021,사우스 필름앤아츠 아카데미 페스티벌,일반(종합),그대 어이가리,이창열,FEATURE FILMS: CAST & CREW AWARDS,Best Lead Actor In A Feature Film,선동혁
2021,프랑크푸르트 한국영화제,일반(종합),내일의 기억,서유민,Blockbuster,,
2021,샌디에고 국제어린이영화제,청소년,와우보이,구상범,Shorts,,
2021,프랑크푸르트 한국영화제,일반(종합),나는 나를 해고하지 않는다,이태겸,Art Film,,
2021,프랑크푸르트 한국영화제,일반(종합),파이프라인,유하,Blockbuster,,
2021,가톨릭영화제,일반(종합),날아라 치킨,이상혁,판타스틱 단편 걸작선,,
2021,부산평화영화제,일반(종합),나는 조선사람입니다,김철민,공식경쟁작,도란도란 관객상,김철민
2021,샌디에고 국제어린이영화제,청소년,높이뛰기,정수진,Short Films,,
2021,강릉국제영화제,기타,1번국도,강경태,프리미어 기프 기프 신작전,,
2021,스페인 쿠르타스 이막시나리오 영화제,일반(종합),호스피스,김수영,,,
2021,프랑크푸르트 한국영화제,일반(종합),새해전야,홍지영,Must See,,
2021,프랑크푸르트 한국영화제,일반(종합),싱크홀,김지훈,Blockbuster,,
2021,프랑크푸르트 한국영화제,일반(종합),아이들은 즐겁다,이지원,Art Film,,
2021,프랑크푸르트 한국영화제,일반(종합),인트로덕션,홍상수,Art Film,,
2021,프랑크푸르트 한국영화제,일반(종합),발신제한,김창주,Blockbuster,,
2021,프랑크푸르트 한국영화제,일반(종합),클라이밍,김혜미,Art Film,,
2021,샌디에고 국제어린이영화제,청소년,액션동자,최영민,Features,,
2021,샌디에고 국제어린이영화제,청소년,새 가족,김규진,Shorts,,
2021,샌디에고 국제어린이영화제,청소년,식구(食口),박찬우,Short Films 초청,,
2021,프랑크푸르트 한국영화제,일반(종합),자산어보,이준익,Art Film,,
2021,프랑크푸르트 한국영화제,일반(종합),정말 먼 곳,박근영,Art Film,,
2021,프랑크푸르트 한국영화제,일반(종합),더스트맨,김나경,Art Film,,
2021,프랑크푸르트 한국영화제,일반(종합),조제,김종관,Blockbuster,,
2021,프랑크푸르트 한국영화제,일반(종합),모가디슈,류승완,Opening Film,,
2021,웁살라 국제단편영화제,단편,봄,이종언,Festival Favourites from 40 years: Co-workers' Recollections,,
2021,프랑크푸르트 한국영화제,일반(종합),만추,김태용,Special: Diaspora,,
2021,프랑크푸르트 한국영화제,일반(종합),아들의 이름으로,이정국,Blockbuster,,
2021,프랑크푸르트 한국영화제,일반(종합),종착역,"권민표,서한솔",Art Film,,
2021,프랑크푸르트 한국영화제,일반(종합),삼진그룹 영어토익반,이종필,Must See,,
2021,프랑크푸르트 한국영화제,일반(종합),욕창,심혜정,Art Film,,
2021,프랑크푸르트 한국영화제,일반(종합),혼자 사는 사람들,홍성은,Must See,,
2021,프랑크푸르트 한국영화제,일반(종합),세자매,이승원,Must See,,
2021,충무로영화제-디렉터스 위크,일반(종합),딩크족,,,,
2021,충무로영화제-디렉터스 위크,일반(종합),어제 내린 비,송현주,단편경쟁,,
2021,충무로영화제-디렉터스 위크,일반(종합),빛나는 순간,소준문,,,
2021,충무로영화제-디렉터스 위크,일반(종합),조지아,제이 박,단편경쟁,CJ문화재단 밝은 미래상,
2021,바야돌리드 국제영화제,일반(종합),여자는 남자의 미래다,홍상수,Dissidences,,
2021,뉴포트비치 영화제,일반(종합),조지아,제이 박,단편경쟁,,
2021,뉴포트비치 영화제,일반(종합),아이들은 즐겁다,이지원,Korean Spotlight,,
2021,몬테카티니 국제단편영화제,단편,조지아,제이 박,국제경쟁,,
2021,뉴포트비치 영화제,일반(종합),설레이다,이만오,Short - Narrative Official Selection,,
2021,보고타 영화제,일반(종합),세상의 아침,이지현,Short Films,,
2021,부천국제애니메이션페스티벌,애니,남자의 자리,조종덕,"KAFA, 한국 영화(애니메이션)의 파수꾼",,
2021,부천국제애니메이션페스티벌,애니,무저갱,김지현,"KAFA, 한국 영화(애니메이션)의 파수꾼",,
2021,부천국제애니메이션페스티벌,애니,제불찰씨 이야기,"곽인근,김일현,류지나,이혜영,이은미","KAFA, 한국 영화(애니메이션)의 파수꾼",,
2021,부천국제애니메이션페스티벌,애니,고치,여은아,"KAFA, 한국 영화(애니메이션)의 파수꾼",,
2021,부천국제애니메이션페스티벌,애니,홈,김보솔,"KAFA, 한국 영화(애니메이션)의 파수꾼",,
2021,부천국제애니메이션페스티벌,애니,균열,안용해,"KAFA, 한국 영화(애니메이션)의 파수꾼",,
2021,부천국제애니메이션페스티벌,애니,클라이밍,김혜미,"KAFA, 한국 영화(애니메이션)의 파수꾼",,
2021,부천국제애니메이션페스티벌,애니,로망은 없다,"박재옥,수경,홍은지","KAFA, 한국 영화(애니메이션)의 파수꾼",,
2021,부천국제애니메이션페스티벌,애니,"지금, 여기에",탁도연,"KAFA, 한국 영화(애니메이션)의 파수꾼",,
2021,부천국제애니메이션페스티벌,애니,그놈의 피,,"KAFA, 한국 영화(애니메이션)의 파수꾼",,
2021,부천국제애니메이션페스티벌,애니,선량한 인간들의 도시,허범욱,"KAFA, 한국 영화(애니메이션)의 파수꾼",,
2021,사이파이 런던,기타,호스피스,김수영,경쟁 부문,,
2021,부천국제애니메이션페스티벌,애니,지혜로운 방구석 생활,박재범,국제경쟁 - 한국,,
2021,사이파이 런던,기타,능력소녀,김수영,Shorts,,
2021,부천국제애니메이션페스티벌,애니,솔로탈출귀,전용석,"KAFA, 한국 영화(애니메이션)의 파수꾼",,
2021,부천국제애니메이션페스티벌,애니,그림자 괴물,박혜미,"KAFA, 한국 영화(애니메이션)의 파수꾼",,
2021,부천국제애니메이션페스티벌,애니,은실이,"김선아,박세희","KAFA, 한국 영화(애니메이션)의 파수꾼",,
2021,충북국제무예액션영화제,기타,액션히어로,이진호,,심사위원특별언급상,
2021,충북국제무예액션영화제,기타,핫 블러드,신재명,액션!인디데이즈,,
2021,샌디에고 국제영화제,일반(종합),마이썬,최익환,Feature official selection,,
2021,시카고 국제영화제,일반(종합),꿈,김강민,Short Film Competition,,
2021,로마 국제영화제,일반(종합),조지아,제이 박,Alice nella Citt? - Short Films Out of Competition,,
2021,오스나브뤼크 독립영화제,독립,찾아라 달팽이!,김다윤,FilmFest UFOlinos,,
2021,판타지 필름페스트,판타지,유체이탈자,윤재근,,,
2021,시카고 국제영화제,일반(종합),당신얼굴 앞에서,홍상수,Masters,,
2021,판타지 필름페스트,판타지,발신제한,김창주,,,
2021,겐트 영화제,일반(종합),인트로덕션,홍상수,Masters,,
2021,겐트 영화제,일반(종합),당신얼굴 앞에서,홍상수,Masters,,
2021,충주단편영화제,단편,출사,유호재,일반/비경쟁,편집상,유호재
2021,광화문국제단편영화제,단편,아파트,효민,국내경쟁,국내경쟁 씨네큐브상,효민
2021,광화문국제단편영화제,단편,4학년 보경이,이옥섭,시네마 올드 앤 뉴: 국내감독전,,
2021,광화문국제단편영화제,단편,자유연기,김도영,시네마 올드 앤 뉴: 국내감독전,,
2021,광화문국제단편영화제,단편,서울로,,뉴필름메이커,,
2021,광화문국제단편영화제,단편,잃어버린 외장하드를 찾는 이상한 모험,,국내경쟁,,
2021,광화문국제단편영화제,단편,그녀를 지우는 시간,홍성윤,시네마 올드 앤 뉴: 국내감독전,,
2021,광화문국제단편영화제,단편,젖꼭지 3차대전,백시원,국내경쟁,,
2021,광화문국제단편영화제,단편,우리집,이오은,국내경쟁,,
2021,광화문국제단편영화제,단편,매미,윤대원,국내경쟁,,
2021,광화문국제단편영화제,단편,옥천,이경원,국내경쟁,,
2021,광화문국제단편영화제,단편,잔소리,최정열,시네마 올드 앤 뉴: 국내감독전,,
2021,광화문국제단편영화제,단편,신의 아이들은 연기가 어렵다,변성빈,국내경쟁,,
2021,광화문국제단편영화제,단편,몽구스피킹,우문기,시네마 올드 앤 뉴: 국내감독전,,
2021,광화문국제단편영화제,단편,우리는 서로 사랑해야 한다,,뉴필름메이커,,
2021,광화문국제단편영화제,단편,조인성을 좋아하세요,정가영,시네마 올드 앤 뉴: 국내감독전,,
2021,광화문국제단편영화제,단편,무력의 언어,,국내경쟁,,
2021,광화문국제단편영화제,단편,템테이션,,국내경쟁,,
2021,광화문국제단편영화제,단편,2박 3일,조은지,시네마 올드 앤 뉴: 국내감독전,,
2021,BFI 런던 영화제,일반(종합),지옥,연상호,Strands - Thrill,,
2021,발디비아 국제영화제,일반(종합),인트로덕션,홍상수,Galas,,
2021,발디비아 국제영화제,일반(종합),당신얼굴 앞에서,홍상수,Galas,,
2021,대한민국청소년영화제,청소년,세상이 그대를 힘들게 할지라도,조영상,대학부,,
2021,발디비아 국제영화제,일반(종합),종착역,"권민표,서한솔",Selecci?n Oficial Largometraje Juvenil Internacional,Selecci?n Oficial Largometraje Juvenil Internacional - Jury Special Award,서한솔
2021,BFI 런던 영화제,일반(종합),습도 다소 높음,고봉수,Strands - Laugh,,
2021,시체스 국제판타스틱영화제,판타지,랑종,반종 피산다나쿤,Official Fantastic Competition,,
2021,밀 밸리 영화제,일반(종합),신의 딸은 춤을 춘다,변성빈,,,
2021,발디비아 국제영화제,일반(종합),"""레드필터가 철회됩니다.""",김민정,Nuevos Caminos,,
2021,슈링겔 국제어린이청소년영화제,청소년,선을 넘어,,Short Film,,
2021,슈링겔 국제어린이청소년영화제,청소년,아이들은 즐겁다,이지원,Children's Film Competition,Award of the Kids Jury,이지원
2021,슈링겔 국제어린이청소년영화제,청소년,와우보이,구상범,Short Film,,
2021,부산국제영화제,일반(종합),왕십리 김종분,김진열,다큐멘터리 경쟁 초청,,
2021,부산국제영화제,일반(종합),불도저에 탄 소녀,박이웅,한국영화의 오늘 - 파노라마 공식 초청,,
2021,부산국제영화제,일반(종합),행복의 나라로,임상수,개막작,,
2021,부산국제영화제,일반(종합),모어,이일하,와이드 앵글,,
2021,부산국제영화제,일반(종합),장갑을 사러,이현주,와이드앵글,선재상,
2021,부산국제영화제,일반(종합),섬이없는지도,김성은,와이드 앵글,,
2021,부산국제영화제,일반(종합),절해고도,김미영,비전 부문,한국감독조합 - 메가박스상,
2021,부산국제영화제,일반(종합),잠 없는 꿈,한인미,비전 부문,,
2021,부산국제영화제,일반(종합),나들이,이유진,와이드 앵글-경쟁,,
2021,부산국제영화제,일반(종합),성덕,오세연,와일드 앵글 - 다큐멘터리 경쟁,,
2021,부산국제영화제,일반(종합),THE창업가,이덕재,커뮤니티비프 커비로드 공식 초청,,
2021,야마가타 국제다큐멘터리영화제,다큐,오후 풍경,손구용,경쟁부분 뉴 아시안 커런츠 공식 초청,,
2021,밴쿠버 국제영화제,일반(종합),싱크홀,김지훈,Gateway,,
2021,밴쿠버 국제영화제,일반(종합),세자매,이승원,Gateway,,
2021,아시안 아메리칸 국제영화제,일반(종합),신의 딸은 춤을 춘다,변성빈,,,
2021,밴쿠버 국제영화제,일반(종합),당신얼굴 앞에서,홍상수,Gateway,,
2021,뉴욕 영화제,일반(종합),인트로덕션,홍상수,Main Slate,,
2021,아이리스 프라이즈 영화제,퀴어,신의 딸은 춤을 춘다,변성빈,,심사위원 특별언급,
2021,뉴욕 영화제,일반(종합),당신얼굴 앞에서,홍상수,Main Slate,,
2021,함부르크 영화제,일반(종합),혼자 사는 사람들,홍성은,Asia Express,,
2021,함부르크 영화제,일반(종합),아이들은 즐겁다,이지원,Michel Children's & Youth Film Festival,,
2021,동대문영상단편영화제,일반(종합),조지아,제이 박,경쟁,,
2021,타이베이 영화제,일반(종합),종착역,"권민표,서한솔",국제 신인 감독 경쟁,,
2021,동대문영상단편영화제,일반(종합),세상이 그대를 힘들게 할지라도,조영상,청년 및 대학생부문,,
2021,동대문영상단편영화제,일반(종합),파란,이현빈,청년 및 대학생부문,은상,이현빈
2021,내쉬빌 영화제,일반(종합),신의 딸은 춤을 춘다,변성빈,Narrative Shorts,,
2021,내쉬빌 영화제,일반(종합),연극 수업,강유민,Narrative Shorts,,
2021,인디포럼,독립,사상,박배일,신작전 장편,,
2021,전주단편영화제,일반(종합),조지아,제이 박,,,
2021,제주혼듸독립영화제,독립,정말로 바란다면,,,배우상,
2021,인디포럼,독립,개를 데리고 다니는 여자,조유경,,,
2021,춘천SF영화제,일반(종합),황무지,진미송,[춘천의 시선: 한국SF스펙트럼] - 단편,,
2021,인디포럼,독립,높이뛰기,정수진,단편 경쟁,,
2021,제주혼듸독립영화제,독립,역량향상교육,,경쟁,,
2021,제주혼듸독립영화제,독립,해녀들의 이야기,지웅배,개막작,,
2021,제주혼듸독립영화제,독립,문경이네 집,,,,
2021,제주혼듸독립영화제,독립,4.5평,김제현,제주신작,,
2021,홀리 단편영화제,단편,코마,송수린,Music Video 출품,,
2021,판타스틱 페스트,판타지,인질,필감성,,,
2021,판타스틱 페스트,판타지,그녀를 지우는 시간,홍성윤,,,
2021,난장판과 사랑 헬싱키 국제영화제,일반(종합),인트로덕션,홍상수,Asian Cuts,,
2021,산세바스티안 국제영화제,일반(종합),마부,강대진,Retrospective - Flowers in Hell. The Golden Age of Korean Cinema,,
2021,산세바스티안 국제영화제,일반(종합),맨발의 청춘,김기덕,Retrospective - Flowers in Hell. The Golden Age of Korean Cinema,,
2021,산세바스티안 국제영화제,일반(종합),두만강아 잘 있거라,임권택,Retrospective - Flowers in Hell. The Golden Age of Korean Cinema,,
2021,산세바스티안 국제영화제,일반(종합),하녀,김기영,Retrospective - Flowers in Hell. The Golden Age of Korean Cinema,,
2021,산세바스티안 국제영화제,일반(종합),혼자 사는 사람들,홍성은,뉴 디렉터스 섹션 초청,,
2021,산세바스티안 국제영화제,일반(종합),로맨스 빠빠,신상옥,Retrospective - Flowers in Hell. The Golden Age of Korean Cinema,,
2021,산세바스티안 국제영화제,일반(종합),여판사,홍은원,Retrospective - Flowers in Hell. The Golden Age of Korean Cinema,,
2021,산세바스티안 국제영화제,일반(종합),안개,김수용,Retrospective - Flowers in Hell. The Golden Age of Korean Cinema,,
2021,산세바스티안 국제영화제,일반(종합),지옥화,신상옥,Retrospective - Flowers in Hell. The Golden Age of Korean Cinema,,
2021,산세바스티안 국제영화제,일반(종합),검은 머리,이만희,Retrospective - Flowers in Hell. The Golden Age of Korean Cinema,,
2021,산세바스티안 국제영화제,일반(종합),오발탄,유현목,Retrospective - Flowers in Hell. The Golden Age of Korean Cinema,,
2021,유바리 국제판타스틱영화제,판타지,액션동자,최영민,Yubari Choice,,
2021,유바리 국제판타스틱영화제,판타지,지하실,최양현,Fantastic Yubari Competition,,
2021,유바리 국제판타스틱영화제,판타지,기적,민병훈,Special Programs / Special Sections,,
2021,유바리 국제판타스틱영화제,판타지,집 밖은 위험해,조창근,International Short Film Competition,,
2021,유바리 국제판타스틱영화제,판타지,빛나는 순간,소준문,Special Programs / Special Sections,,
2021,유바리 국제판타스틱영화제,판타지,죽이는 감독,엄하늘,International Short Film Competition,,
2021,필름 바이 더 씨 국제영화제,일반(종합),82년생 김지영,김도영,Film & Literature Competition,,
2021,스트라스부르 유럽판타스틱영화제,판타지,클라이밍,김혜미,Animation Competition,,
2021,필름 바이 더 씨 국제영화제,일반(종합),기생충,봉준호,Panorama,,
2021,토론토 국제영화제,일반(종합),혼자 사는 사람들,홍성은,디스커버리 섹션 초청,,
2021,토론토 국제영화제,일반(종합),"""레드필터가 철회됩니다.""",김민정,Wavelengths,,
2021,DMZ국제다큐멘터리영화제,다큐,송해 1927,윤재호,오픈시네마,,
2021,DMZ국제다큐멘터리영화제,다큐,영화감독 노동주,임찬익,한국다큐쇼케이스,,
2021,DMZ국제다큐멘터리영화제,다큐,코리도라스,류형석,한국다큐쇼케이스,,
2021,DMZ국제다큐멘터리영화제,다큐,계절이 지나가는 하늘에는,고한벌,한국경쟁,,
2021,DMZ국제다큐멘터리영화제,다큐,숨은지혜찾기,,단편경쟁,,
2021,DMZ국제다큐멘터리영화제,다큐,우리집,이오은,단편경쟁,,
2021,DMZ국제다큐멘터리영화제,다큐,얼굴의 땅,박배일,"DMZ-POV - 오지필름, 지역에서 다큐를 만든다는 것",,
2021,DMZ국제다큐멘터리영화제,다큐,밀양 아리랑,박배일,"박배일, DMZ-POV - 오지필름, 지역에서 다큐를 만든다는 것",,
2021,DMZ국제다큐멘터리영화제,다큐,계절이 지나가는 하늘에는,고한벌,한국경쟁,,
2021,DMZ국제다큐멘터리영화제,다큐,얼굴들,김민정,한국다큐쇼케이스,,
2021,DMZ국제다큐멘터리영화제,다큐,봉명주공,김기성,한국다큐쇼케이스,,
2021,DMZ국제다큐멘터리영화제,다큐,둥글고 둥글게,장민승,오픈시네마,,
2021,DMZ국제다큐멘터리영화제,다큐,미싱타는 여자들,"김정영,이혁래",한국다큐쇼케이스 초청,,
2021,DMZ국제다큐멘터리영화제,다큐,"아치의 노래, 정태춘",,,예술공헌상,
2021,DMZ국제다큐멘터리영화제,다큐,농몽,권순현,,심사위원 특별상,
2021,DMZ국제다큐멘터리영화제,다큐,바운더리,윤가현,,최우수한국다큐멘터리상,윤가현
2021,DMZ국제다큐멘터리영화제,다큐,모어,이일하,국제경쟁,아름다운 기러기상,이일하
2021,DMZ국제다큐멘터리영화제,다큐,한창나이 선녀님,원호연,한국경쟁,괜객상,원호연
2021,DMZ국제다큐멘터리영화제,다큐,너에게 가는 길,변규리,한국다큐쇼케이스,용감한 기러기상,변규리
2021,DMZ국제다큐멘터리영화제,다큐,공단 민들레,,청소년 섹션,자유연상,
2021,DMZ국제다큐멘터리영화제,다큐,맘맘미아,,청소년 섹션,자유연상,
2021,DMZ국제다큐멘터리영화제,다큐,사상,박배일,비경쟁부문 한국다큐쇼케이스,,
2021,DMZ국제다큐멘터리영화제,다큐,판문점,"김용진,송원근",한국다큐쇼케이스,,
2021,DMZ국제다큐멘터리영화제,다큐,판문점,"김용진,송원근",비경쟁-한국다큐쇼케이스,,
2021,DMZ국제다큐멘터리영화제,다큐,해피해피 이혼파티,남순아,단편경쟁,,
2021,DMZ국제다큐멘터리영화제,다큐,차별,김지운,,아시아발전재단상,김지운
2021,DMZ국제다큐멘터리영화제,다큐,작은새와 돼지씨,김새봄,한국다큐쇼케이스,,
2021,서울영등포국제초단편영화제,단편,기로,한지수,임선우 배우 특별전,,
2021,서울국제건축영화제,일반(종합),프랑스에서,황지은,비욘드 섹션 초청,,
2021,서울영등포국제초단편영화제,단편,얼음,곽새미,국내경쟁,,
2021,서울영등포국제초단편영화제,단편,하늘이의 겨울방학,,국내경쟁,,
2021,서울영등포국제초단편영화제,단편,파란,김현민,국내경쟁,,
2021,서울영등포국제초단편영화제,단편,슈퍼스타,,문화다양성 특별전,,
2021,서울영등포국제초단편영화제,단편,코,윤한나,임선우 배우 특별전,,
2021,서울영등포국제초단편영화제,단편,서울소리,김경배,국내경쟁,,
2021,서울영등포국제초단편영화제,단편,조금 부족한 여자,허수영,국내경쟁,,
2021,서울영등포국제초단편영화제,단편,지금 당장 영화관을 가야해!,김나경,국내경쟁,,
2021,서울영등포국제초단편영화제,단편,튜닝 더 라디오,,문화다양성 특별전,,
2021,서울영등포국제초단편영화제,단편,어느 날,이수형,국내경쟁,,
2021,서울영등포국제초단편영화제,단편,감독님 연출하지 마세요,이대영,임선우 배우 특별전,,
2021,서울영등포국제초단편영화제,단편,치석,염지희,임선우 배우 특별전,,
2021,제주여성영화제,일반(종합),너에게 가는 길,변규리,개막작,,
2021,서울영등포국제초단편영화제,단편,공중부양,,국내경쟁,,
2021,서울영등포국제초단편영화제,단편,링링,윤다영,블러디 나잇 비경쟁,,
2021,서울영등포국제초단편영화제,단편,토마토의 정원,박형남,국내경쟁,,
2021,서울영등포국제초단편영화제,단편,수강신청,이미지,문화다양성 특별전,,
2021,서울영등포국제초단편영화제,단편,면담,박서영,국내경쟁,,
2021,서울영등포국제초단편영화제,단편,선을 넘어,,국내경쟁,,
2021,제주여성영화제,일반(종합),마리아와 비욘세,,단편경쟁,,
2021,제주여성영화제,일반(종합),해피해피 이혼파티,남순아,요망진당선작,작품상,남순아
2021,제주여성영화제,일반(종합),청춘선거,민환기,,,
2021,서울국제건축영화제,일반(종합),꿈꾸는 고양이,"강민현,지원","비욘드 이제 여기, 그리고...",,
2021,서울영등포국제초단편영화제,단편,"가스, 라이트",원유,국내경쟁,심사위원 특별상,원유
2021,서울영등포국제초단편영화제,단편,조금 부족한 여자,허수영,국내경쟁,단편 우수상,허수영
2021,서울영등포국제초단편영화제,단편,수라(修羅),정해지,국내경쟁,초단편 우수상,정해지
2021,서울영등포국제초단편영화제,단편,선풍기를 고치는 방법,,국내경쟁,,
2021,서울영등포국제초단편영화제,단편,아쿠아마린,유종석,임선우 배우 특별전,,
2021,청주국제단편영화제,단편,민서와 할아버지,,애니/다큐,,
2021,청주국제단편영화제,단편,죽기로 한 날,,코미디/멜로/공포,,
2021,청주국제단편영화제,단편,파란 나라,김영글,애니/다큐,,
2021,청주국제단편영화제,단편,피아,공병선,사회드라마,,
2021,청주국제단편영화제,단편,달팽이,김태양,코미디/멜로/공포,,
2021,청주국제단편영화제,단편,종이학,,네트워크 시네마,,
2021,청주국제단편영화제,단편,아파트,효민,코미디/멜로/공포,,
2021,청주국제단편영화제,단편,급식,한혜인,네트워크 시네마,,
2021,청주국제단편영화제,단편,"안녕, 영화씨",,사회드라마,,
2021,청주국제단편영화제,단편,별도 좋은데,서은아,사회드라마,,
2021,청주국제단편영화제,단편,행운을 빌어,전영찬,애니/다큐,,
2021,청주국제단편영화제,단편,불량스완,,코미디/멜로/공포,,
2021,청주국제단편영화제,단편,새 가족,김규진,사회드라마,,
2021,청주국제단편영화제,단편,앙코르!,,실험영화,,
2021,청주국제단편영화제,단편,선화의 근황,김소형,비경쟁,,
2021,청주국제단편영화제,단편,존재의 방식,,사회드라마,,
2021,청주국제단편영화제,단편,왜 독립영화 감독들은 외롭고 또 외롭나,,코미디/멜로/공포,,
2021,청주국제단편영화제,단편,우주의 끝,한병아,비경쟁,,
2021,청주국제단편영화제,단편,면접,김용호,네트워크 시네마,,
2021,청주국제단편영화제,단편,웅비와 인간 아닌 친구들,김다민,코미디/멜로/공포,,
2021,청주국제단편영화제,단편,사원증,윤혜성,사회드라마,,
2021,청주국제단편영화제,단편,"바이, 써클",,사회드라마,,
2021,청주국제단편영화제,단편,Temporary Solution for the Permanent Problems: #1,,실험영화,,
2021,청주국제단편영화제,단편,건설 유니버스의 어떤 오류,박군제,실험영화,,
2021,청주국제단편영화제,단편,그렇게 아무것도 하지 않았다,,실험영화,,
2021,청주국제단편영화제,단편,뭐해,신지수,사회드라마,,
2021,청주국제단편영화제,단편,이종,안소회,코미디/멜로/공포,,
2021,청주국제단편영화제,단편,밥 때,이성식,네트워크 시네마,,
2021,청주국제단편영화제,단편,바주카!,강소연,코미디/멜로/공포,,
2021,청주국제단편영화제,단편,신의 아이들은 연기가 어렵다,변성빈,애니/다큐,,
2021,벵갈루루 국제단편영화제,일반(종합),플레이 온,,Non Competition,,
2021,아이치 국제여성영화제,일반(종합),휴가,이란희,International Selection,,
2021,아이치 국제여성영화제,일반(종합),김현주,강지효,Short Competition,,
2021,아이치 국제여성영화제,일반(종합),제씨 이야기,,Short Competition,,
2021,아이치 국제여성영화제,일반(종합),제씨 이야기,,Short Competition,,
2021,아이치 국제여성영화제,일반(종합),김현주,강지효,,실사촬영 대상,강지효
2021,아이치 국제여성영화제,일반(종합),김현주,강지효,Short Competition,,
2021,아이치 국제여성영화제,일반(종합),휴가,이란희,International Selection,,
2021,벵갈루루 국제단편영화제,일반(종합),신의 딸은 춤을 춘다,변성빈,,,
2021,예루살렘 영화제,일반(종합),인트로덕션,홍상수,Masters,,
2021,서울국제여성영화제,일반(종합),십개월의 미래,남궁선,지금 여기 풍경 부문 초청,,
2021,서울국제여성영화제,일반(종합),69세,임선애,지금 여기 풍경 부문 초청,,
2021,서울국제여성영화제,일반(종합),캠핑을 좋아하세요,김꽃비,퀴어 레인보우,,
2021,서울국제여성영화제,일반(종합),마리아와 비욘세,,단편경쟁,,
2021,서울국제여성영화제,일반(종합),Out : 이반검열 두 번째 이야기,"이영,페미니스트비디오액티즘",페미니스트 콜렉티브: 아시아의 여성영화 제작 공동체,,
2021,서울국제여성영화제,일반(종합),밤의 문이 열린다,유은정,지금 여기 풍경 부문 초청,,
2021,서울국제여성영화제,일반(종합),너에게 가는 길,변규리,장편경쟁 '발견' 공식 초청,,
2021,서울국제여성영화제,일반(종합),자매들의 밤,김보람,특별상영,,
2021,서울국제여성영화제,일반(종합),플란다스의 개,봉준호,SWAGGIN' LIKE 두나,,
2021,서울국제여성영화제,일반(종합),나를 깨우는 바람,,퀴어 레인보우,,
2021,서울국제여성영화제,일반(종합),괴물,봉준호,SWAGGIN' LIKE 두나,,
2021,서울국제여성영화제,일반(종합),코리아,문현성,SWAGGIN' LIKE 두나,,
2021,서울국제여성영화제,일반(종합),백야,염문경,특별상영,,
2021,서울국제여성영화제,일반(종합),십개월의 미래,남궁선,지금 여기 풍경 부문 초청,,
2021,서울국제여성영화제,일반(종합),고양이를 부탁해,정재은,20주년 특별전,,
2021,서울국제여성영화제,일반(종합),최선의 삶,이우정,국제 장편 부문 '발견' 초청,,
2021,서울국제여성영화제,일반(종합),비밀의 정원,박선주,지금 여기 풍경 부문 초청,,
2021,서울국제여성영화제,일반(종합),성적표의 김민영,"임지선,이재은",발견,대상,
2021,서울국제여성영화제,일반(종합),불온한 당신,이영,페미니스트 콜렉티브: 아시아의 여성영화 제작 공동체,,
2021,서울국제여성영화제,일반(종합),도희야,정주리,SWAGGIN' LIKE 두나,,
2021,서울국제여성영화제,일반(종합),우리들은 정의파다,이혜란,페미니스트 콜렉티브: 아시아의 여성영화 제작 공동체,,
2021,서울국제여성영화제,일반(종합),복수는 나의 것,박찬욱,SWAGGIN' LIKE 두나,,
2021,대구단편영화제,단편,고백할 거야,김선빈,애플시네마,애플시네마 경쟁 우수상,김선빈
2021,대구단편영화제,단편,니가 일주일 넘게 연락이 없어서,황다슬,국내경쟁,관객상,황다슬
2021,대구단편영화제,단편,불모지,이탁,국내경쟁,국내경쟁 대상,이탁
2021,대구단편영화제,단편,나랑 아니면,박재현,애플시네마,애플시네마 경쟁 대상,박재현
2021,대구단편영화제,단편,옥천,이경원,국내경쟁,,
2021,대구단편영화제,단편,자매들의 밤,김보람,국내경쟁,,
2021,대구단편영화제,단편,현주의 집,,애플시네마,,
2021,대구단편영화제,단편,바람이 지나간 자리,권순형,배리어프리,,
2021,대구단편영화제,단편,여름의 사랑,김서현,국내경쟁,,
2021,대구단편영화제,단편,울타리를 넘은 소녀의 손에는 나뭇가지가 있었다,,국내경쟁,,
2021,대구단편영화제,단편,걸어도 걸어도,김태희,국내경쟁,,
2021,대구단편영화제,단편,달팽이,김태양,국내경쟁,국내경쟁 우수상,김태양
2021,대구단편영화제,단편,고백할 거야,김선빈,애플시네마,애플시네마 배리어프리 수상,김선빈
2021,대구단편영화제,단편,오촌,장현빈,대구단편 신작전 피칭포럼,,
2021,대구단편영화제,단편,기억극장,함희윤,국내경쟁,,
2021,대구단편영화제,단편,보드랍게,박문칠,장편초청,,
2021,대구단편영화제,단편,여름의 나무들,이수유,그린-ing,,
2021,대구단편영화제,단편,슈뢰딩거의 냥이들,서윤수,국내경쟁,,
2021,대구단편영화제,단편,May?JEJU?Day,,국내경쟁,,
2021,대구단편영화제,단편,계절의 끝,,로컬존,,
2021,대구단편영화제,단편,가족의 모양,,국내경쟁,,
2021,대구단편영화제,단편,가장 환하고 따뜻한,최진영,장편초청,,
2021,대구단편영화제,단편,큐브,조미혜,로컬존,,
2021,대구단편영화제,단편,가양7단지,서예향,국내경쟁,,
2021,대구단편영화제,단편,GOOD for you,,레드x퍼플,,
2021,대구단편영화제,단편,조의봉투,장주선,배리어프리,,
2021,대구단편영화제,단편,여인과 사자,,국내경쟁,,
2021,대구단편영화제,단편,주희/17/B,,레드x퍼플,,
2021,대구단편영화제,단편,귀신 친구,정혜연,국내경쟁,,
2021,대구단편영화제,단편,평야의 댄서,,애플시네마,,
2021,대구단편영화제,단편,오토바이와 햄버거,,국내경쟁,,
2021,대구단편영화제,단편,엄마는 무엇을 잊었는가,윤진,배리어프리,,
2021,대구단편영화제,단편,잃어버린 외장하드를 찾는 이상한 모험,,레드x퍼플,,
2021,대구단편영화제,단편,상규형이 하지 말랬어,,국내경쟁,,
2021,대구단편영화제,단편,파장동,송원준,국내경쟁,,
2021,대구단편영화제,단편,"일시정지, 시네마",박주환,국내경쟁,,
2021,대구단편영화제,단편,장학생,장주선,애플시네마,,
2021,대구단편영화제,단편,한비,,국내경쟁,,
2021,대구단편영화제,단편,사상,박배일,장편초청,,
2021,대구단편영화제,단편,인흥리 37-1,김지혜,국내경쟁,,
2021,대구단편영화제,단편,수중양생,,국내경쟁,,
2021,EBS 국제다큐영화제,다큐,울림의 탄생,이정준,페스티벌 초이스(경쟁): 글로벌,페스티벌 초이스(경쟁): 글로벌 - 심사위원특별상,이정준
2021,EBS 국제다큐영화제,다큐,60세 미만 출입금지,,컨템포러리 다큐 파노라마,,
2021,EBS 국제다큐영화제,다큐,그만 좀 하소,심영화,페스티벌 초이스(경쟁): 아시아,페스티벌 초이스(경쟁): 아시아 - 시청자·관객상,심영화
2021,EBS 국제다큐영화제,다큐,울림의 탄생,이정준,페스티벌 초이스(경쟁): 글로벌,페스티벌 초이스(경쟁): 글로벌 - 시청자·관객상,이정준
2021,EBS 국제다큐영화제,다큐,잘 알지도 못하면서,,컨템포러리 다큐 파노라마,,
2021,EBS 국제다큐영화제,다큐,바람의 춤꾼,최상진,무형다큐제(祭),,
2021,EBS 국제다큐영화제,다큐,14인의 사범들,서민원,다큐의 열기,,
2021,EBS 국제다큐영화제,다큐,상자루의 길,박철우,무형다큐제(祭),,
2021,EBS 국제다큐영화제,다큐,위안,이혜린,공간의 기억,,
2021,EBS 국제다큐영화제,다큐,행복의 속도,박혁지,공간의 기억,,
2021,EBS 국제다큐영화제,다큐,군산전기,"문승욱,유예진",공간의 기억,,
2021,EBS 국제다큐영화제,다큐,안나푸르나의 김써르,이종은,키즈 앤 틴즈,,
2021,EBS 국제다큐영화제,다큐,봉명주공,김기성,페스티벌 초이스(경쟁): 아시아,,
2021,EBS 국제다큐영화제,다큐,타임머신을 샀다,박연,컨템포러리 다큐 파노라마,,
2021,EBS 국제다큐영화제,다큐,송해 1927,윤재호,클로즈업 아이콘,,
2021,콘코르토 영화제,단편,신의 딸은 춤을 춘다,변성빈,Competition,,
2021,카를로비 바리 국제영화제,일반(종합),반도,연상호,Midnight Screenings,,
2021,카를로비 바리 국제영화제,일반(종합),인트로덕션,홍상수,Horizons,,
2021,서울국제대안영상예술페스티벌,독립,종착역,"권민표,서한솔",한국신작 Ⅲ,,
2021,서울국제대안영상예술페스티벌,독립,코리도라스,류형석,경쟁부문,,
2021,몬테레이 국제영화제,일반(종합),신의 딸은 춤을 춘다,변성빈,,심사위원특별언급,
2021,몬테레이 국제영화제,일반(종합),신의 딸은 춤을 춘다,변성빈,International Feature Films,,
2021,판타지아 국제영화제,판타지,소리도 없이,홍의정,Cheval Noir,Cheval Noir Award for Best Feature,홍의정
2021,판타지아 국제영화제,판타지,소리도 없이,홍의정,Cheval Noir,Best Actor,유아인
2021,판타지아 국제영화제,판타지,그녀를 지우는 시간,홍성윤,Selection 2021,국제 단편 최우수 관객상,홍성윤
2021,판타지아 국제영화제,판타지,미드나이트,권오승,Selection 2021,아시아 장편 우수 관객상,권오승
2021,판타지아 국제영화제,판타지,파이터,윤재호,Selection 2021,,
2021,판타지아 국제영화제,판타지,운석이 떨어졌으면 좋겠어,,Axis,,
2021,판타지아 국제영화제,판타지,서복,이용주,Selection 2021,,
2021,판타지아 국제영화제,판타지,태어나길 잘했어,최진영,Camera Lucida,,
2021,판타지아 국제영화제,판타지,도굴,박정배,Selection 2021,,
2021,판타지아 국제영화제,판타지,조제,김종관,Selection 2021,,
2021,판타지아 국제영화제,판타지,선을 넘어,,My First Fantasia,,
2021,판타지아 국제영화제,판타지,스톡,전주현,World Premiere - Selection 2021,,
2021,판타지아 국제영화제,판타지,대외비,이원태,경쟁부문 초청,,
2021,뉴욕 아시안 영화제,일반(종합),십개월의 미래,남궁선,Uncaged Award for Best Feature Film Competition,언케이지드 특별언급,남궁선
2021,멜버른 국제영화제,일반(종합),인트로덕션,홍상수,International Feature,,
2021,뉴 호라이즌 국제영화제,호러/스릴러,인트로덕션,홍상수,Masters,,
2021,뉴욕 아시안 영화제,일반(종합),최선의 삶,이우정,Next/Now,Rising Star Award: Bang Min-a,방민아
2021,뉴욕 아시안 영화제,일반(종합),자산어보,이준익,Standouts,,
2021,뉴욕 아시안 영화제,일반(종합),나는 나를 해고하지 않는다,이태겸,Frontlines,,
2021,뉴욕 아시안 영화제,일반(종합),삼진그룹 영어토익반,이종필,Standouts,,
2021,뉴욕 아시안 영화제,일반(종합),유체이탈자,윤재근,장르 마스터즈 초청,다니엘 A. 크래프트 우수 액션시네마 상,윤재근
2021,아웃페스트 로스앤젤레스 LGBTQ 영화제,퀴어,신의 딸은 춤을 춘다,변성빈,Short Programs,,
2021,아웃페스트 로스앤젤레스 LGBTQ 영화제,퀴어,정말 먼 곳,박근영,International Narrative,,
2021,뉴욕 아시안 영화제,일반(종합),싱크홀,김지훈,폐막작,,
2021,뉴욕 아시안 영화제,일반(종합),미드나이트,권오승,Genre Masters,,
2021,뉴욕 아시안 영화제,일반(종합),파이터,윤재호,Beyond Borders,,
2021,뉴 호라이즌 국제영화제,호러/스릴러,도망친 여자,홍상수,Masters,,
2021,멜버른 국제영화제,일반(종합),꿈,김강민,MIFF Shorts,,
2021,뉴욕 아시안 영화제,일반(종합),간호중,민규동,Genre Masters,,
2021,뉴욕 아시안 영화제,일반(종합),세자매,이승원,Frontlines,,
2021,뉴욕 아시안 영화제,일반(종합),모가디슈,류승완,Opening Film,,
2021,사라예보 영화제,일반(종합),싱크홀,김지훈,키노스코프 섹션 초청,,
2021,제천국제음악영화제,기타,싱글즈,권칠인,짐페이스: 엄정화,,
2021,제천국제음악영화제,기타,신의 딸은 춤을 춘다,변성빈,한국 음악영화의 풍경,,
2021,제천국제음악영화제,기타,맘맘미아,,한국 음악영화의 풍경,,
2021,제천국제음악영화제,기타,미인,이형표,한국영화사는 음악영화사다 2021,,
2021,제천국제음악영화제,기타,오로라 공주,방은진,짐페이스: 엄정화,,
2021,제천국제음악영화제,기타,청춘쌍곡선,한형모,한국영화사는 음악영화사다 2021,,
2021,제천국제음악영화제,기타,호로비츠를 위하여,권형진,짐페이스: 엄정화,,
2021,제천국제음악영화제,기타,온 더 로드,이재한,한국 음악영화의 풍경,,
2021,제천국제음악영화제,기타,푸른 언덕,유동일,한국영화사는 음악영화사다 2021,,
2021,제천국제음악영화제,기타,반도의 봄,이병일,한국영화사는 음악영화사다 2021,,
2021,제천국제음악영화제,기타,블루시티서울,정성준,한국 음악영화의 풍경,,
2021,제천국제음악영화제,기타,엘레지의 여왕,한형모,한국영화사는 음악영화사다 2021,,
2021,제천국제음악영화제,기타,배달의 하이바,,한국 음악영화의 풍경,,
2021,제천국제음악영화제,기타,호로비츠를 위하여,권형진,짐페이스: 엄정화,,
2021,제천국제음악영화제,기타,재춘언니,이수정,한국 음악영화의 풍경,,
2021,제천국제음악영화제,기타,상자루의 길,박철우,한국 음악영화의 오늘,,
2021,제천국제음악영화제,기타,타임 투 플레이 ; 뉴욕 버스커에 관하여,박서종,한국 음악영화의 풍경,,
2021,제천국제음악영화제,기타,송해 1927,윤재호,한국 음악영화의 풍경,,
2021,제천국제음악영화제,기타,미쓰 와이프,강효진,짐페이스: 엄정화,,
2021,제천국제음악영화제,기타,베스트셀러,이정호,짐페이스: 엄정화,,
2021,제천국제음악영화제,기타,댄싱퀸,이석훈,짐페이스: 엄정화,,
2021,제천국제음악영화제,기타,라임크라임,"유재욱,이승환",한국 음악영화의 풍경,,
2021,제천국제음악영화제,기타,피아니스트,조은선,한국 음악영화의 풍경,,
2021,제천국제음악영화제,기타,샤론컵밥,김소윤,한국 음악영화의 오늘 ? 한국경쟁,,
2021,제천국제음악영화제,기타,요선,장권호,한국 음악영화의 오늘 ? 한국경쟁,,
2021,제천국제음악영화제,기타,비창,,메이드 인 제천,,
2021,로카르노 국제영화제,일반(종합),싱크홀,김지훈,피아짜 그란데,,
2021,정동진독립영화제,독립,너에게 가는 길,변규리,장편,땡그랑동전상,변규리
2021,정동진독립영화제,독립,죽으러가는길,이주승,경쟁,,
2021,정동진독립영화제,독립,도와줘!,김지안,섹션3 상영,,
2021,정동진독립영화제,독립,성적표의 김민영,"임지선,이재은",,땡그랑동전상,
2021,울산단편영화제,일반(종합),조지아,제이 박,단편경쟁,최우수 연자연기상,
2021,더반 국제영화제,일반(종합),박강아름 결혼하다,박강아름,Documentary,,
2021,더반 국제영화제,일반(종합),마이썬,최익환,Features,Best Screenplay,
2021,트란실바니아 국제영화제,일반(종합),소리도 없이,홍의정,Full Moon,,
2021,트란실바니아 국제영화제,일반(종합),남산의 부장들,우민호,Supernova,,
2021,더반 국제영화제,일반(종합),마이썬,최익환,Features,Best Actor,안승균
2021,지포니 영화제,청소년,곁에,,Elements +3,,
2021,바르셀로나 아시안 섬머 필름 페스티벌,일반(종합),미션 파서블,김형주,Special Screening,,
2021,프리부르 국제영화제,일반(종합),조제,김종관,International Competition - Features,,
2021,프리부르 국제영화제,일반(종합),소리도 없이,홍의정,International Competition - Features,,
2021,프리부르 국제영화제,일반(종합),기묘한 가족,이민재,Midnight Screenings,,
2021,바르셀로나 아시안 섬머 필름 페스티벌,일반(종합),지푸라기라도 잡고 싶은 짐승들,김용훈,Official Competitive Section,,
2021,바르셀로나 아시안 섬머 필름 페스티벌,일반(종합),해치지않아,손재곤,Official Competitive Section,,
2021,부천국제판타스틱영화제,판타지,쇼미더고스트,김은경,코리안 판타스틱: 장편,배우상 심사위원 특별언급,한승연
2021,부천국제판타스틱영화제,판타지,죽이는 감독,엄하늘,판타스틱 단편 걸작선8,,
2021,부천국제판타스틱영화제,판타지,점프,,판타스틱 단편 걸작선,,
2021,부천국제판타스틱영화제,판타지,액션히어로,이진호,코리안 판타스틱: 장편,코리안 판타스틱 작품상,이진호
2021,부천국제판타스틱영화제,판타지,액션히어로,이진호,코리안 판타스틱: 장편,코리안 판타스틱 배우상,이석형
2021,부천국제판타스틱영화제,판타지,액션히어로,이진호,코리안 판타스틱: 장편,왓챠가 주목한 장편상,이진호
2021,부천국제판타스틱영화제,판타지,랑종,반종 피산다나쿤,부천 초이스: 장편,,
2021,부천국제판타스틱영화제,판타지,딩크족,,판타스틱 단편 걸작선,,
2021,부천국제판타스틱영화제,판타지,쇼미더고스트,김은경,코리안 판타스틱: 장편,NH농협 배급지원상,김은경
2021,부천국제판타스틱영화제,판타지,에이아이 허,이정섭,코리안 판타스틱: 장편초청,,
2021,부천국제판타스틱영화제,판타지,액션히어로,이진호,코리안 판타스틱: 장편,CGV 배급지원상,이진호
2021,부천국제판타스틱영화제,판타지,쇼미더고스트,김은경,코리안 판타스틱: 경쟁 초청,,
2021,부천국제판타스틱영화제,판타지,쇼미더고스트,김은경,코리안 판타스틱: 장편,코리안 판타스틱 배우상,김현목
2021,부천국제판타스틱영화제,판타지,액션히어로,이진호,코리안 판타스틱: 경쟁,,
2021,전북가족영화제,일반(종합),죽으러가는길,이주승,비경쟁,특별언급상,
2021,전북가족영화제,일반(종합),조지아,제이 박,경쟁,,
2021,칸 국제영화제,일반(종합),당신얼굴 앞에서,홍상수,칸 프리미어 부문 초청,,
2021,칸 국제영화제,일반(종합),매미,윤대원,시네파운데이션,,
2021,칸 국제영화제,일반(종합),비상선언,한재림,비경쟁 부문 초청,,
2021,칸 국제영화제,일반(종합),밥 때,이성식,비경쟁 단편,,
2021,부산국제어린이청소년영화제,일반(종합),종착역,"권민표,서한솔",아시아 파노라마,,
2021,인천여성영화제,일반(종합),부고,,단편,,
2021,인천여성영화제,일반(종합),너에게 가는 길,변규리,개막작,,
2021,부에노스아이레스 국제독립영화제,독립,셀프-포트레이트 2020,이동우,International Official Competition,,
2021,서울구로국제어린이영화제,청소년,성적표의 김민영,"임지선,이재은",키즈 포커스,포커스상,
2021,서울구로국제어린이영화제,청소년,종착역,"권민표,서한솔",장편 경쟁,키즈포커스 감독상,권민표
2021,서울구로국제어린이영화제,청소년,창진이 마음,궁유정,키즈 크리에이티브,배우상,
2021,서울구로국제어린이영화제,청소년,조지아,제이 박,한국단편경쟁,,
2021,서울구로국제어린이영화제,청소년,문경이네 집,,,,
2021,서울구로국제어린이영화제,청소년,종착역,"권민표,서한솔",장편 경쟁,키즈포커스 감독상,서한솔
2021,서울구로국제어린이영화제,청소년,창진이 마음,궁유정,키즈 크리에이티브,크리에이티브상,
2021,서울구로국제어린이영화제,청소년,정말로 바란다면,,,,
2021,팜스프링즈 국제단편영화제,단편,신의 딸은 춤을 춘다,변성빈,,,
2021,모스크바 국제다큐멘터리영화제,일반(종합),마더 아야,조현준,,,
2021,평창국제평화영화제,일반(종합),거짓말,손선희,시네마틱 강원,,
2021,평창국제평화영화제,일반(종합),늦봄2020,박규현,스펙트럼,,
2021,평창국제평화영화제,일반(종합),정말로 바란다면,,,,
2021,평창국제평화영화제,일반(종합),죽으러가는길,이주승,경쟁,,
2021,평창국제평화영화제,일반(종합),성적표의 김민영,"임지선,이재은",국제장편경쟁,특별언급,
2021,상하이 국제영화제,일반(종합),박하사탕,이창동,SIFF Classics: 4K Restoration,,
2021,상하이 국제영화제,일반(종합),인트로덕션,홍상수,SIFF Highlights: Viva La Festival,,
2021,국제프라우엔(여성)영화제,일반(종합),UFO 스케치,김진욱,Cinefantasy OFFICIAL SELETION,,
2021,상하이 국제영화제,일반(종합),기기괴괴 성형수,조경훈,SIFF Animations,,
2021,상하이 국제영화제,일반(종합),엽기적인 그녀,곽재용,SIFF Classics: 4K Restoration,,
2021,우디네 극동영화제,일반(종합),나를 구하지 마세요,정연경,Competition,,
2021,우디네 극동영화제,일반(종합),깊은 밤 갑자기,고영남,Competition,,
2021,우디네 극동영화제,일반(종합),소리도 없이,홍의정,Competition,,
2021,안시 국제애니메이션영화제,애니,클라이밍,김혜미,in Feature Films Contrechamp,,
2021,우디네 극동영화제,일반(종합),비스티 보이즈,윤종빈,Power and Secrets: The Cinematic World of Yoon Jongbin,,
2021,우디네 극동영화제,일반(종합),다만 악에서 구하소서,홍원찬,Competition,,
2021,우디네 극동영화제,일반(종합),서복,이용주,Competition,,
2021,우디네 극동영화제,일반(종합),죽지않는 인간들의 밤,신정원,Competition,,
2021,우디네 극동영화제,일반(종합),오케이 마담,이철하,Competition,,
2021,우디네 극동영화제,일반(종합),범죄와의 전쟁: 나쁜놈들 전성시대,윤종빈,Power and Secrets: The Cinematic World of Yoon Jongbin,,
2021,안시 국제애니메이션영화제,애니,답이 없는 전화,,Short Films L'Officielle,,
2021,안시 국제애니메이션영화제,애니,오페라,에릭 오,Short Films L'Officielle,,
2021,우디네 극동영화제,일반(종합),공작,윤종빈,Power and Secrets: The Cinematic World of Yoon Jongbin,,
2021,우디네 극동영화제,일반(종합),군도: 민란의 시대,윤종빈,Power and Secrets: The Cinematic World of Yoon Jongbin,,
2021,가오슝 영화제,일반(종합),세자매,이승원,Panorama,,
2021,버뮤다 국제영화제,일반(종합),조지아,제이 박,경쟁,,
2021,가오슝 영화제,일반(종합),조지아,제이 박,International Competition,,
2021,무주산골영화제,일반(종합),종착역,"권민표,서한솔",한국장편영화경쟁부문 ‘창’,나봄상,권민표
2021,무주산골영화제,일반(종합),종착역,"권민표,서한솔",한국장편영화경쟁부문 ‘창’,나봄상,서한솔
2021,무주산골영화제,일반(종합),그대 너머에,박홍민,상영작 - 창,,
2021,무주산골영화제,일반(종합),라임크라임,"유재욱,이승환",상영작 - 판,,
2021,셰필드 다큐멘터리영화제,다큐,"""레드필터가 철회됩니다.""",김민정,in section Ghosts & Apparitions,,
2021,무주산골영화제,일반(종합),최선의 삶,이우정,,,
2021,무주산골영화제,일반(종합),셀프-포트레이트 2020,이동우,창 부문,뉴비전상,이동우
2021,무주산골영화제,일반(종합),셀프-포트레이트 2020,이동우,창 부문,영화평론가상,이동우
2021,애니마페스트 - 자그레브 국제애니메이션영화제,애니,기억극장,함희윤,Student Films Competition,,
2021,애니마페스트 - 자그레브 국제애니메이션영화제,애니,아홉 살의 사루비아,장나리,Grand Competition - Short Film,,
2021,애니마페스트 - 자그레브 국제애니메이션영화제,애니,운석이 떨어졌으면 좋겠어,,Student Films Competition,,
2021,애니마페스트 - 자그레브 국제애니메이션영화제,애니,비둘기,김상준,Films for Children Competition,,
2021,서울환경영화제,일반(종합),꿈꾸는 고양이,"강민현,지원",한국경쟁,,
2021,서울환경영화제,일반(종합),사상,박배일,한국환경영화부문,,
2021,서울환경영화제,일반(종합),사상,박배일,이야기하는 풍경 초청,,
2021,크라쿠프 국제영화제,일반(종합),조지아,제이 박,국제경쟁,,
2021,즐린 국제어린이청소년영화제,청소년,아이들은 즐겁다,이지원,International Competition of Feature Films in the Children's Category,심사위원특별언급,이지원
2021,즐린 국제어린이청소년영화제,청소년,라임크라임,"유재욱,이승환",Mezin?rodn? sout?? celove?ern?ch film? pro ml?de?,,
2021,피렌체 한국영화제,일반(종합),폭염,,"Short, Shorts!",,
2021,피렌체 한국영화제,일반(종합),실버택배,,"Short, Shorts!",,
2021,피렌체 한국영화제,일반(종합),면접,김용호,영화제초청,,
2021,피렌체 한국영화제,일반(종합),언젠간 터질 거야,,"Short, Shorts!",,
2021,피렌체 한국영화제,일반(종합),면접,김용호,"Short, Shorts!",,
2021,피렌체 한국영화제,일반(종합),굿 마더,이유진,"Short, Shorts!",,
2021,피렌체 한국영화제,일반(종합),좀비 13,박현경,"Short, Shorts!",,
2021,피렌체 한국영화제,일반(종합),신의 딸은 춤을 춘다,변성빈,"Short, Shorts!",,
2021,피렌체 한국영화제,일반(종합),내가 죽던 날,박지완,Closing Film,,
2021,피렌체 한국영화제,일반(종합),우리가 꽃들이라면,김율희,"Short, Shorts!",,
2021,피렌체 한국영화제,일반(종합),성인식,김민주,"Short, Shorts!",,
2021,피렌체 한국영화제,일반(종합),똑똑한 누나,,"Short, Shorts!",,
2021,피렌체 한국영화제,일반(종합),실신,,"Short, Shorts!",,
2021,피렌체 한국영화제,일반(종합),드라이빙 스쿨,유수진,"Short, Shorts!",,
2021,피렌체 한국영화제,일반(종합),굿타임,강동인,"Short, Shorts!",,
2021,피렌체 한국영화제,일반(종합),둥지,조경원,"Short, Shorts!",,
2021,피렌체 한국영화제,일반(종합),운조,노진,"Short, Shorts!",,
2021,피렌체 한국영화제,일반(종합),ㅈ교생,김경연,"Short, Shorts!",,
2021,피렌체 한국영화제,일반(종합),문경이네 집,,"Short, Shorts!",,
2021,피렌체 한국영화제,일반(종합),나의 침묵,황혜인,"Short, Shorts!",,
2021,피렌체 한국영화제,일반(종합),피터팬의 꿈,엄하늘,"Short, Shorts!",,
2021,피렌체 한국영화제,일반(종합),주희에게,오현도,"Short, Shorts!",,
2021,피렌체 한국영화제,일반(종합),컴백홈,최재영,"Short, Shorts!",,
2021,피렌체 한국영화제,일반(종합),시스터즈,김준,"Short, Shorts!",,
2021,피렌체 한국영화제,일반(종합),버드케이지,노진수,"Short, Shorts!",,
2021,피렌체 한국영화제,일반(종합),춘사,,"Short, Shorts!",,
2021,피렌체 한국영화제,일반(종합),피사체,하태민,"Short, Shorts!",,
2021,피렌체 한국영화제,일반(종합),청년은 살았다.,심규호,"Short, Shorts!",,
2021,피렌체 한국영화제,일반(종합),소풍같이,전승표,"Short, Shorts!",,
2021,피렌체 한국영화제,일반(종합),뒤로 걷기,방성준,"Short, Shorts!",,
2021,피렌체 한국영화제,일반(종합),아동급식,홍연이,"Short, Shorts!",,
2021,피렌체 한국영화제,일반(종합),나는 조선사람입니다,김철민,Programma al Cinema K-Documentary,,
2021,디아스포라영화제,일반(종합),아네싸의 방 + For a flash,,디아스포라 인 포커스 섹션,,
2021,디아스포라영화제,일반(종합),나는 조선사람입니다,김철민,디아스포라 장편,,
2021,아시안 아메리칸 미디어센터 영화제,일반(종합),아파트,효민,,,
2021,디아스포라영화제,일반(종합),지구별 방랑자,유최늘샘,디아스포라 장편,,
2021,들꽃영화상,일반(종합),카오산 탱고,김범삼,,음악상,황인규
2021,들꽃영화상,일반(종합),카오산 탱고,김범삼,,음악상,정태호
2021,오버하우젠 국제단편영화제,단편,찾아라 달팽이!,김다윤,청소년/아동영화 경쟁,어린이심사위원 프로모셔널상,김다윤
2021,전주국제영화제,일반(종합),너에게 가는 길,변규리,한국경쟁,심사위원 특별언급,변규리
2021,전주국제영화제,일반(종합),정말로 바란다면,,,,
2021,전주국제영화제,일반(종합),마리아와 비욘세,,단편경쟁,,
2021,전주국제영화제,일반(종합),역량향상교육,,한국단편경쟁,왓챠가 주목한 단편,
2021,전주국제영화제,일반(종합),아이,김현탁,초청,,
2021,전주국제영화제,일반(종합),낫아웃,이정곤,한국경쟁,배우상,
2021,전주국제영화제,일반(종합),낫아웃,이정곤,한국경쟁,CGV아트하우스-창작지원상,
2021,전주국제영화제,일반(종합),낫아웃,이정곤,한국경쟁,왓챠가 주목한 장편상,
2021,전주국제영화제,일반(종합),창밖은 겨울,이상진,코리안시네마,,
2021,전주국제영화제,일반(종합),개정,강준하,코리안시네마,,
2021,전주국제영화제,일반(종합),성적표의 김민영,"임지선,이재은",한국경쟁,대상,
2021,전주국제영화제,일반(종합),나랑 아니면,박재현,한국단편경쟁,,
2021,전주국제영화제,일반(종합),혼자 사는 사람들,홍성은,,배우상,공승연
2021,전주국제영화제,일반(종합),혼자 사는 사람들,홍성은,,CGV아트하우스 배급지원상,홍성은
2021,전주국제영화제,일반(종합),"정말, 정말로 축하합니다",제환규,코리안시네마(단편),,
2021,전주국제영화제,일반(종합),마이썬,최익환,코리안시네마,,
2021,전주국제영화제,일반(종합),피아니스트,조은선,코리안시네마,,
2021,전주국제영화제,일반(종합),너에게 가는 길,변규리,특별부문,다큐멘터리상,변규리
2021,전주국제영화제,일반(종합),오토바이와 햄버거,,한국단편경쟁,,
2021,전주국제영화제,일반(종합),여인과 사자,,한국단편경쟁,,
2021,전주국제영화제,일반(종합),마리와 나,,한국단편경쟁,,
2021,전주국제영화제,일반(종합),수중양생,,한국단편경쟁,,
2021,전주국제영화제,일반(종합),새 가족,김규진,"스페셜 포커스: 코로나, 뉴노멀",,
2021,전주국제영화제,일반(종합),늦봄2020,박규현,코리안시네마,,
2021,전주국제영화제,일반(종합),코리도라스,류형석,한국경쟁,,
2021,부산국제단편영화제,단편,디스크조각모음,황보새별,코리아 쇼츠 - 예외적 관점,,
2021,부산국제단편영화제,단편,수라(修羅),정해지,한국경쟁,,
2021,부산국제단편영화제,단편,아마 늦은 여름이었을 거야,김소형,한국경쟁,,
2021,부산국제단편영화제,단편,신의 딸은 춤을 춘다,변성빈,,연기상,
2021,부산국제단편영화제,단편,크리스마스 선물,김성규,한국경쟁,,
2021,부산국제단편영화제,단편,신의 딸은 춤을 춘다,변성빈,한국경쟁,,
2021,부산국제단편영화제,단편,창문 너머에,강지숙,한국경쟁,,
2021,부산국제단편영화제,단편,오페라,에릭 오,아시아 쇼츠 - 침묵의 목소리,,
2021,부산국제단편영화제,단편,뒤 : 빡,,한국경쟁,,
2021,부산국제단편영화제,단편,조지아,제이 박,아시아경쟁,최우수작품상(KAFA상),
2021,부산국제단편영화제,단편,어제 내린 비,송현주,한국경쟁,,
2021,부산국제단편영화제,단편,은서,박준호,코리아 쇼츠 - 분단 연대기,,
2021,부산국제단편영화제,단편,달팽이,김태양,한국경쟁,한국경쟁 심사위원 특별언급,김태양
2021,부산국제단편영화제,단편,우리가 꽃들이라면,김율희,한국경쟁,한국경쟁 관객상,김율희
2021,부산국제단편영화제,단편,갓스피드,박세영,한국경쟁,,
2021,부산국제단편영화제,단편,쥐뢰,홍연이,한국경쟁,한국경쟁 우수작품상,홍연이
2021,부산국제단편영화제,단편,그녀를 지우는 시간,홍성윤,코리아 쇼츠 - 예외적 관점,,
2021,부산국제단편영화제,단편,건설 유니버스의 어떤 오류,박군제,한국경쟁,,
2021,부산국제단편영화제,단편,수강신청,이미지,한국경쟁,,
2021,부산국제단편영화제,단편,꼬리,김후중,코리아 쇼츠 - 분단 연대기,,
2021,부산국제단편영화제,단편,언팟,박희은,한국경쟁,,
2021,부산국제단편영화제,단편,혈연,왕희송,한국경쟁,한국경쟁 심사위원특별상,왕희송
2021,부산국제단편영화제,단편,히치하이커,윤재호,코리아 쇼츠 - 분단 연대기,,
2021,부산국제단편영화제,단편,"산 23-1, X",,오퍼레이션 키노,아고라상,
2021,부산국제단편영화제,단편,기사선생,김서윤,코리아 쇼츠 - 분단 연대기,,
2021,부산국제단편영화제,단편,수리불가,장현호,한국경쟁,,
2021,부산국제단편영화제,단편,끝달,윤상준,한국경쟁,,
2021,부산국제단편영화제,단편,아홉 살의 사루비아,장나리,한국경쟁,,
2021,부산국제단편영화제,단편,"산 23-1, X",,오퍼레이션 키노,최우수작품상,
2021,부산국제단편영화제,단편,얼룩,박덕진,부산 IN,,
2021,부산국제단편영화제,단편,시스터,,한국경쟁,,
2021,애리조나 국제영화제,일반(종합),종이꽃,고훈,,,
2021,휴스턴 국제영화제,일반(종합),마더 아야,조현준,,Platinum Award,조현준
2021,애리조나 국제영화제,일반(종합),"안녕, 잘 지냈니?",김호원,초청작,,
2021,비죵 뒤 레앨 영화제,다큐,마더 아야,조현준,,,
2021,플로리다 영화제,일반(종합),꿈,김강민,Animated Shorts Competition,,
2021,메칼 국제단편영화제,단편,귀접,,Fiction - Parallel Sections - Horror,,
2021,메칼 국제단편영화제,단편,유령들,박지연,Oblique Animation,,
2021,플로리다 영화제,일반(종합),호랑이와 소,김승희,International Animated Shorts,,
2021,샌프란시스코 국제영화제,일반(종합),휴가,이란희,Narratives: International,,
2021,홍콩 국제영화제,일반(종합),유령들,박지연,Animation Unlimited (World Animation for Adults),,
2021,홍콩 국제영화제,일반(종합),꿈,김강민,Short Film Competition,,
2021,홍콩 국제영화제,일반(종합),휴가,이란희,Global Vision,,
2021,글라스 애니메이션영화제,애니,오페라,에릭 오,US Competition,,
2021,글라스 애니메이션영화제,애니,아홉 살의 사루비아,장나리,Competition,,
2021,울주세계산악영화제,일반(종합),클라이밍,김혜미,,심사인원 특별상,김혜미
2021,울주세계산악영화제,일반(종합),도와줘!,김지안,포커스-코리안웨이브,,
2021,피쿠남 국제영화제,일반(종합),남매의 여름밤,윤단비,국제경쟁,,
2021,사우스 바이 사우스웨스트 영화제,일반(종합),포이즌,"이미솔,유상현",Virtual Cinema Competition,,
2021,버프 국제어린이청소년영화제,청소년,라임크라임,"유재욱,이승환",L?ngfilm,,
2021,오사카 아시안 영화제,일반(종합),인영의 캠코더,오정선,스포트라이트,,
2021,탐페레 영화제,단편,먹이들,,국제경쟁,,
2021,탐페레 영화제,단편,언포가튼,,국제경쟁,,
2021,오사카 아시안 영화제,일반(종합),태어나길 잘했어,최진영,경쟁,,
2021,탐페레 영화제,단편,언포가튼,,국제경쟁,,
2021,오사카 아시안 영화제,일반(종합),세자매,이승원,스포트라이트,,
2021,오사카 아시안 영화제,일반(종합),여름밤,이지원,Osaka Asian Film Festival Online < Theater ONE >,,
2021,오사카 아시안 영화제,일반(종합),그대 너머에,박홍민,경쟁,,
2021,베를린 국제영화제,일반(종합),인트로덕션,홍상수,경쟁 부문,"은곰상, 최우수 각본상",홍상수
2021,베를린 국제영화제,일반(종합),"""레드필터가 철회됩니다.""",김민정,Forum Expanded - International premiere,,
2021,베를린 국제영화제,일반(종합),파이터,윤재호,제너레이션,,
2021,베를린 국제영화제,일반(종합),종착역,"권민표,서한솔",제너레이션,,
2021,벨로이트 국제영화제,일반(종합),산타클로스,이지은,Best Narrative Short Nominate,,
2021,애니마 - 브뤼셀 국제애니메이션영화제,애니,아홉 살의 사루비아,장나리,Pass Korea,,
2021,애니마 - 브뤼셀 국제애니메이션영화제,애니,무녀도,안재훈,Pass Korea,,
2021,애니마 - 브뤼셀 국제애니메이션영화제,애니,죽음의 상인,전진규,Pass Korea,,
2021,애니마 - 브뤼셀 국제애니메이션영화제,애니,사랑은 꿈과 현실의 외길목에서,최희승,Pass Korea,,
2021,애니마 - 브뤼셀 국제애니메이션영화제,애니,호모 에렉타투스,김태우,Pass Korea,,
2021,애니마 - 브뤼셀 국제애니메이션영화제,애니,"모두, 귀로",,Pass Korea,,
2021,애니마 - 브뤼셀 국제애니메이션영화제,애니,마스코트,김리하,Pass Korea,,
2021,애니마 - 브뤼셀 국제애니메이션영화제,애니,유령들,박지연,Pass Korea,,
2021,애니마 - 브뤼셀 국제애니메이션영화제,애니,꿈,김강민,Pass Korea,,
2021,애니마 - 브뤼셀 국제애니메이션영화제,애니,장미여관,여은아,Pass Korea,,
2021,애니마 - 브뤼셀 국제애니메이션영화제,애니,수라(修羅),정해지,Pass Korea,,
2021,애니마 - 브뤼셀 국제애니메이션영화제,애니,기기괴괴 성형수,조경훈,Pass Korea,,
2021,애니마 - 브뤼셀 국제애니메이션영화제,애니,움직임의 사전,정다희,Pass Korea,,
2021,청룡영화상,일반(종합),소리도 없이,홍의정,,신인감독상,홍의정
2021,청룡영화상,일반(종합),소리도 없이,홍의정,,남우주연상,유아인
2021,청룡영화상,일반(종합),윤희에게,임대형,,각본상,임대형
2021,청룡영화상,일반(종합),윤희에게,임대형,,감독상,임대형
2021,청룡영화상,일반(종합),남산의 부장들,우민호,,작품상,우민호
2021,청룡영화상,일반(종합),조지아,제이 박,청정원 단편영화상 부문 본선,,
2021,청룡영화상,일반(종합),삼진그룹 영어토익반,이종필,,여우조연상,이솜
2021,청룡영화상,일반(종합),삼진그룹 영어토익반,이종필,,음악상,달파란
2021,청룡영화상,일반(종합),다만 악에서 구하소서,홍원찬,,남우조연상,박정민
2021,청룡영화상,일반(종합),다만 악에서 구하소서,홍원찬,,촬영조명상,홍경표
2021,청룡영화상,일반(종합),정직한 후보,장유정,,여우주연상,라미란
2021,청룡영화상,일반(종합),실,"이나연,조민재",,단편영화상,조민재
2021,청룡영화상,일반(종합),지푸라기라도 잡고 싶은 짐승들,김용훈,,편집상,한미연
2021,청룡영화상,일반(종합),백두산,"김병서,이해준",,기술상,진종현
2021,청룡영화상,일반(종합),찬실이는 복도 많지,김초희,,여우신인상,강말금
2021,청룡영화상,일반(종합),버티고,전계수,,신인남우상,유태오
2021,청룡영화상,일반(종합),삼진그룹 영어토익반,이종필,,미술상,배정윤
2021,로테르담 국제영화제,일반(종합),셀프-포트레이트 2020,이동우,Harbour,,
2021,끌레르몽페랑 국제단편영화제,단편,청년은 살았다.,심규호,국제경쟁,,
2021,끌레르몽페랑 국제단편영화제,단편,신의 딸은 춤을 춘다,변성빈,,국제관객상,
2021,끌레르몽페랑 국제단편영화제,단편,신의 딸은 춤을 춘다,변성빈,국제경쟁,,
2021,끌레르몽페랑 국제단편영화제,단편,조금 부족한 여자,허수영,국제경쟁,,
2021,선댄스 영화제,독립,꿈,김강민,단편영화,,
2021,선댄스 영화제,독립,연극 수업,강유민,단편영화,,
2021,선댄스 영화제,독립,운석이 떨어졌으면 좋겠어,,단편영화,,
2021,베스트 이스탄불 필름 페스티벌,단편,생각 끝에서 찾아오는,이수학,Aug-21,Short Film - Best First Time Director,이수학
2021,선댄스 영화제,독립,꿈,김강민,단편영화,,
2021,베스트 이스탄불 필름 페스티벌,단편,특별한 하루,이준수,,Best Short Drama Film,이준수
2021,플리커페스트 국제단편영화제,단편,조지아,제이 박,국제경쟁부문,,
2021,블랙무비 영화제,일반(종합),갈매기,김미조,,카메라를 든 여자,김미조
2021,KYFF단편영화제,일반(종합),신의 딸은 춤을 춘다,변성빈,,,
2021,노이다 국제영화제,일반(종합),고립,유호재,Special Festival Mention,Special Festival Mention,유호재
2021,노이다 국제영화제,일반(종합),토요일 오후,안태훈,Special Festival Mention,,
2021,인도 국제영화제,일반(종합),젊은이의 양지,신수원,국제 경쟁,,
2021,자이푸르 국제영화제,일반(종합),시름,한소현,Jaipur Critics For Feature Fiction Film,,
2021,자이푸르 국제영화제,일반(종합),대리시험,김나경,단편 극영화,,
2021,자이푸르 국제영화제,일반(종합),조지아,제이 박,국제경쟁,,
2021,미니키노 필름위크,일반(종합),THE FINALS,박중하,단편,,
2021,대청호가 그린 영화제,일반(종합),해피해피 이혼파티,남순아,,,
2021,카아파 국제영화제,일반(종합),시름,한소현,Poetry,,
2021,레지오국제단편영화제,일반(종합),신의 딸은 춤을 춘다,변성빈,,,
2021,필름프론트 국제단편영화제,일반(종합),신의 딸은 춤을 춘다,변성빈,,,
2021,나폴리인권영화제,일반(종합),신의 딸은 춤을 춘다,변성빈,,,
2021,아테나영화제,일반(종합),신의 딸은 춤을 춘다,변성빈,,,
2021,코르토 도리코 영화제,일반(종합),신의 딸은 춤을 춘다,변성빈,,,
2021,길버트 베이커 영화제,일반(종합),신의 딸은 춤을 춘다,변성빈,,,
2021,오바니으 국제 음악영화제,일반(종합),신의 딸은 춤을 춘다,변성빈,,,
2021,믹스 멕시코영화제,일반(종합),신의 딸은 춤을 춘다,변성빈,,,
2021,상록수디지로그월드영화제,일반(종합),신의 딸은 춤을 춘다,변성빈,,,
2021,KTV 국민영상제,일반(종합),신의 딸은 춤을 춘다,변성빈,,,
2021,꽃심어린이청소년영화제,일반(종합),신의 딸은 춤을 춘다,변성빈,,,
2021,파라과이 국제 LGBT영화제,일반(종합),신의 딸은 춤을 춘다,변성빈,,,
2021,세인트루이스 퀴어영화제,일반(종합),신의 딸은 춤을 춘다,변성빈,,,
2021,헤이리시네마 국제단편영화제,일반(종합),신의 딸은 춤을 춘다,변성빈,,,
2021,금천패션영화제,일반(종합),신의 딸은 춤을 춘다,변성빈,,심사위원특별상,
2021,원주여성영화제,일반(종합),신의 딸은 춤을 춘다,변성빈,,,
2021,무중력영화제,일반(종합),신의 딸은 춤을 춘다,변성빈,,대상,
2021,목포국도1호선독립영화제,독립,신의 딸은 춤을 춘다,변성빈,,,
2021,캄보디아 국제영화제,일반(종합),신의 딸은 춤을 춘다,변성빈,,,
2021,세디치코르토 국제영화제,일반(종합),신의 딸은 춤을 춘다,변성빈,,심사위원 특별언급,
2021,천안춤영화제,기타,신의 딸은 춤을 춘다,변성빈,,,
2021,인더팰리스 국제단편영화제,단편,신의 딸은 춤을 춘다,변성빈,,,
2021,한중청년꿈키움단편영화제,일반(종합),신의 딸은 춤을 춘다,변성빈,,,
2021,양곤 국제 LGBTIQ+ 영화제,일반(종합),신의 딸은 춤을 춘다,변성빈,,,
2021,Amor es Amor 국제 LGBT영화제,일반(종합),신의 딸은 춤을 춘다,변성빈,,대상,
2021,ifva 영화제,일반(종합),신의 딸은 춤을 춘다,변성빈,,심사위원특별언급,
2021,ifva 영화제,일반(종합),신의 딸은 춤을 춘다,변성빈,,관객상,
2021,씨네댄스영화제,일반(종합),신의 딸은 춤을 춘다,변성빈,,,
2021,아웃페스트 퓨전 LGBTQ영화제,일반(종합),신의 딸은 춤을 춘다,변성빈,,,
2021,훔볼트국제영화제,일반(종합),신의 딸은 춤을 춘다,변성빈,,최고극영화상,
2021,LICHTER 프랑크푸르크 국제단편영화제,일반(종합),신의 딸은 춤을 춘다,변성빈,,,
2021,베이루트 퀴어 영화제,일반(종합),신의 딸은 춤을 춘다,변성빈,,,
2021,레겐스부르크 국제 단편영화제,일반(종합),신의 딸은 춤을 춘다,변성빈,,,
2021,Grenzland-Filmtage Selb 국제영화제,일반(종합),신의 딸은 춤을 춘다,변성빈,,,
2021,프라이드 예술영화제,일반(종합),신의 딸은 춤을 춘다,변성빈,,,
2021,알피날레 단편영화제,일반(종합),신의 딸은 춤을 춘다,변성빈,,,
2021,파리국제LGBT영화제,일반(종합),신의 딸은 춤을 춘다,변성빈,,심사위원특별상,
2021,코네티컷 LGBTQ 영화제,일반(종합),신의 딸은 춤을 춘다,변성빈,,명예언급,
2021,바르셀로나 FIRE!! LGBT 영화제,일반(종합),신의 딸은 춤을 춘다,변성빈,,관객상,
2021,파시티블리 디프런트 단편영화제,일반(종합),신의 딸은 춤을 춘다,변성빈,,,
2021,위키드 퀴어 : 보스톤 LGBTQ+ 영화제,일반(종합),신의 딸은 춤을 춘다,변성빈,,,
2021,네팔 국제영화제,일반(종합),신의 딸은 춤을 춘다,변성빈,,최고단편영화상,
2021,Fairy Tales 퀴어영화제,일반(종합),신의 딸은 춤을 춘다,변성빈,,최고단편영화상,
2021,퀸즈 세계영화제,일반(종합),신의 딸은 춤을 춘다,변성빈,,,
2021,포스티라해변영화제,일반(종합),신의 딸은 춤을 춘다,변성빈,,,
2021,키예프국제단편영화제,일반(종합),신의 딸은 춤을 춘다,변성빈,,,
2021,씨네판타지 국제판타스틱영화제,일반(종합),신의 딸은 춤을 춘다,변성빈,,,
2021,벤턴빌영화제,일반(종합),신의 딸은 춤을 춘다,변성빈,,,
2021,N?t 영화제,일반(종합),신의 딸은 춤을 춘다,변성빈,,,
2021,스타영화제,일반(종합),신의 딸은 춤을 춘다,변성빈,,,
2021,우드스탁 영화제,일반(종합),신의 딸은 춤을 춘다,변성빈,,,
2021,내슈빌영화제,일반(종합),신의 딸은 춤을 춘다,변성빈,,,
2021,Phare 영화제,일반(종합),신의 딸은 춤을 춘다,변성빈,,,
2021,DC 국제단편영화제,일반(종합),신의 딸은 춤을 춘다,변성빈,,,
2021,폴란드 LGBT영화제,일반(종합),신의 딸은 춤을 춘다,변성빈,,,
2021,발리국제단편영화제,일반(종합),신의 딸은 춤을 춘다,변성빈,,,
2021,워 온 스크린 영화제,일반(종합),신의 딸은 춤을 춘다,변성빈,,,
2021,몰타 영화제,일반(종합),시름,한소현,Experimental,,
2021,LA국제단편영화제,단편,나의 침묵,황혜인,경쟁 - ASIA 섹션,,
2021,타고르 국제영화제,일반(종합),시름,한소현,Sun of the East Awards : Best Editing,,
2021,페사로 영화제,일반(종합),"""레드필터가 철회됩니다.""",김민정,Pesaro New Cinema Competition,,
2021,레지오국제단편영화제,일반(종합),세이레,박강,,,
2021,타고르 국제영화제,일반(종합),시름,한소현,Sun of the East Awards : Best Cinematography,,
2021,런던 동아시아 영화제,일반(종합),간호중,민규동,Official LEAFF Selection,,
2021,산호세국제단편영화제,일반(종합),조지아,제이 박,경쟁,,
2021,사이프러스국제단편영화제,일반(종합),조지아,제이 박,국제경쟁,,
2021,디스커버영화제,일반(종합),조지아,제이 박,단편경쟁,최우수 드라마상,
2021,티라나 국제영화제,일반(종합),조지아,제이 박,단편경쟁,,
2021,태국국제영화제,일반(종합),조지아,제이 박,단편경쟁,감독상,
2021,Dance With Films,일반(종합),조지아,제이 박,단편경쟁,,
2021,캘거리 국제영화제,일반(종합),조지아,제이 박,단편경쟁,,
2021,리치몬드국제영화제,일반(종합),조지아,제이 박,단편경쟁,대상,
2021,LA쇼츠국제영화제,일반(종합),조지아,제이 박,경쟁,,
2021,샌디에이고국제단편영화제,일반(종합),조지아,제이 박,International Competition,최우수작품상,
2021,KT 올레 TV 신진감독독립영화제,일반(종합),조의(JOY),권용재,,대상,
2021,광주독립영화제,일반(종합),절해고도,김미영,,,
2021,합천수려한영화제,일반(종합),코리도라스,류형석,경쟁부문,관객상,류형석
2021,가치봄영화제,일반(종합),코리도라스,류형석,경쟁부문,,
2021,합천수려한영화제,일반(종합),죽으러가는길,이주승,경쟁,,
2021,우리나라 가장 동쪽 영화제,일반(종합),죽으러가는길,이주승,초청,,
2021,대청호가 그린 영화제,일반(종합),문경이네 집,,,장려상,
2021,인천인권영화제,일반(종합),성덕,오세연,,,
2021,한중국제영화제,일반(종합),밥 때,이성식,단편영화제,시나리오상,이성식
2021,어콜레이드 글로벌 필름컴피티션,일반(종합),그대 어이가리,이창열,Awards of Merit November 2021,Film Feature,이창열
2021,탬파베이 국제게이&레즈비언영화제,퀴어,신의 딸은 춤을 춘다,변성빈,,,
2021,인천독립영화제 : inFilm,일반(종합),조의(JOY),권용재,,관객상,
2021,아웃샤인 - 마이애미 LGBT 영화제,퀴어,신의 딸은 춤을 춘다,변성빈,,,
2021,노르웨이 단편영화제,단편,신의 딸은 춤을 춘다,변성빈,,,
2021,쇼트쇼츠 영화제,단편,신의 딸은 춤을 춘다,변성빈,,,
2021,밴쿠버 퀴어영화제,퀴어,신의 딸은 춤을 춘다,변성빈,,,
2021,바스타국제단편영화제,일반(종합),신의 딸은 춤을 춘다,변성빈,,,
2021,페루국제LGBTI영화제,일반(종합),신의 딸은 춤을 춘다,변성빈,,,
2021,SiciliAmbiente 영화제,일반(종합),신의 딸은 춤을 춘다,변성빈,,,
2021,바이터슈타터 야외영화제,일반(종합),신의 딸은 춤을 춘다,변성빈,,,
2021,비오비오씨네국제영화제,일반(종합),신의 딸은 춤을 춘다,변성빈,,,
2021,Luststreifen 영화제,일반(종합),신의 딸은 춤을 춘다,변성빈,,관객상,
2021,스코틀랜드 국제퀴어영화제,일반(종합),신의 딸은 춤을 춘다,변성빈,,,
2021,샌프란시스코 퀴어영화제,일반(종합),신의 딸은 춤을 춘다,변성빈,,,
2021,Choreoscope 바르셀로나 국제 춤영화제,일반(종합),신의 딸은 춤을 춘다,변성빈,,,
2021,카쉬쉬 뭄바이 국제퀴어영화제,일반(종합),신의 딸은 춤을 춘다,변성빈,,,
2021,알리칸테 영화제,일반(종합),신의 딸은 춤을 춘다,변성빈,,,
2021,코트블루국제단편영화제,일반(종합),신의 딸은 춤을 춘다,변성빈,,대상,
2021,ZBLI?ENIA 국제 단편영화제,일반(종합),신의 딸은 춤을 춘다,변성빈,,,
2021,플라야 델 카르멘 국제 퀴어영화제,일반(종합),신의 딸은 춤을 춘다,변성빈,,,
2021,제네바 국제 퀴어영화제,일반(종합),신의 딸은 춤을 춘다,변성빈,,,
2021,벤트 LGBTQ 영화제,일반(종합),신의 딸은 춤을 춘다,변성빈,,관객상,
2021,오슬로/퓨전 국제영화제,일반(종합),신의 딸은 춤을 춘다,변성빈,,,
2021,보스톤 아시안 미국 영화제,일반(종합),신의 딸은 춤을 춘다,변성빈,,,
2021,로보국제영화제,일반(종합),신의 딸은 춤을 춘다,변성빈,,,
2021,생폴 트로이 샤또 영화제,일반(종합),신의 딸은 춤을 춘다,변성빈,,,
2021,SIMFEST국제 영화제,일반(종합),신의 딸은 춤을 춘다,변성빈,,,
2021,롱비치 퀴어영화제,일반(종합),신의 딸은 춤을 춘다,변성빈,,최고단편영화상,
2021,시애틀 트렌스젠더 영화제,일반(종합),신의 딸은 춤을 춘다,변성빈,,,
2021,메이콘영화제,일반(종합),신의 딸은 춤을 춘다,변성빈,,,
2021,홍콩국제퀴어영화제,일반(종합),신의 딸은 춤을 춘다,변성빈,,대상,
2021,ONE Country ONE 국제 영화제,일반(종합),신의 딸은 춤을 춘다,변성빈,,,
2021,샌프란시스코 춤 영화제,일반(종합),신의 딸은 춤을 춘다,변성빈,,심사위원 특별언급,
2021,암네스티 국제인권영화제,일반(종합),신의 딸은 춤을 춘다,변성빈,,,
2021,슬로바키아 퀴어영화제,일반(종합),신의 딸은 춤을 춘다,변성빈,,,
2021,cellu l’art 예나 예술단편영화제,일반(종합),신의 딸은 춤을 춘다,변성빈,,,
2021,릴아웃 샤를로떼영화제,일반(종합),신의 딸은 춤을 춘다,변성빈,,,
2021,라스베가스 퀴어 예술영화제,일반(종합),신의 딸은 춤을 춘다,변성빈,,,
2021,술모나국제영화제,일반(종합),신의 딸은 춤을 춘다,변성빈,,,
2021,인디아나폴리스 LGBT영화제,일반(종합),신의 딸은 춤을 춘다,변성빈,,,
2021,El Ojo Cojo 영화제,일반(종합),신의 딸은 춤을 춘다,변성빈,,,
2021,루블린영화제,일반(종합),신의 딸은 춤을 춘다,변성빈,,,
2021,모스카 캄부리카 단편영화제,일반(종합),신의 딸은 춤을 춘다,변성빈,,,
2021,영국런던영화제,일반(종합),신의 딸은 춤을 춘다,변성빈,,,
2021,국제 오픈영화제,일반(종합),시름,한소현,Monthly Selection - January : Experimental Film,Best Experimental Film,한소현
2021,트와일라잇 도쿄영화제,일반(종합),시름,한소현,Monthly Selection - January : Experimental Film,Outstanding Achievement Award,한소현
2021,월드 필름 카니발 싱가포르,일반(종합),시름,한소현,2021 Golden Merlion Awards : Film on Religion,Best Film on Religion,한소현
2021,LA독립단편영화제,단편,4.5평,김제현,,Best Experimental Short (February),김제현
2021,LA인디쇼트페스트,단편,4.5평,김제현,,Best Experimental Short (April),김제현
2021,월드 필름 카니발 싱가포르,일반(종합),4.5평,김제현,,OUTSTANDING ACHIEVEMENT AWARD,김제현
2021,아이코닉 이미지영화제,일반(종합),시름,한소현,Best Female Director,,
2021,타고르 국제영화제,일반(종합),시름,한소현,Sun of the East Awards : Film on Religion,Best Film on Religion,한소현
2021,월드 필름 카니발 싱가포르,일반(종합),이발소,임윤기,Movie of the Month - April : Short Films,Short Films Winner,임윤기
2021,7th 예술독립영화제,일반(종합),이발소,임윤기,April 2021 : Short Films,Best Short Film,임윤기
2021,라즈도르 국제아트하우스영화제,독립,이발소,임윤기,Monthly Selection ? May : Short Films,Outstanding Achievement Award,임윤기
2021,캘커타 국제컬트영화제,일반(종합),이발소,임윤기,Monthly Selection - April-May : Short Film,Outstanding Achievement Award,임윤기
2021,드러크 국제영화제,일반(종합),이발소,임윤기,Monthly Results - April : Short Films,Outstanding Achievement Award,임윤기
2021,로마 독립 프리즈마 어워즈,일반(종합),수필러브,홍두표,JUNE 2021 SEMI FINALISTS,BEST FEATURE FILM,
2021,LA국제단편영화제,단편,"엄마, 영숙",,경쟁 - 아시아 섹션,,
2021,드러크 국제영화제,일반(종합),생각 끝에서 찾아오는,이수학,Monthly Results - DIFF's July'21: CATEGORY(Debut Filmmaker),Debut Filmmaker Award,이수학
2021,마라카이 국제 필름 앤 비디오 페스티벌,일반(종합),시름,한소현,Experimental Feature,THE BEST EXPERIMENTAL FEATURE FILM,한소현
2021,한중국제영화제,일반(종합),추운겨울에도 빛이 있다.,최정한,단편영화제,심사위원상,최정한
2021,LA독립단편영화제,단편,죽고 싶은 날에 한하여,김묘욱,Bronze Awards: September 2021,음악상,장용진
2021,LA독립단편영화제,단편,죽고 싶은 날에 한하여,김묘욱,Bronze Awards: September 2021,후보- 감독상(여자),김묘욱
2021,LA독립단편영화제,단편,죽고 싶은 날에 한하여,김묘욱,Bronze Awards: September 2021,후보- 독립단편상,김묘욱
2021,월드 필름 카니발 싱가포르,일반(종합),생각 끝에서 찾아오는,이수학,Aug-21,Short Film - Outstanding Achievement Award,이수학
2021,월드 필름 카니발 싱가포르,일반(종합),생각 끝에서 찾아오는,이수학,Aug-21,Debut Filmmaker(1st or 2nd film) - Outstanding Achievement Award,이수학
2021,우루베티 국제영화제,일반(종합),생각 끝에서 찾아오는,이수학,Sep-21,Best Debut Director - Indian Short Film,이수학
2021,우루베티 국제영화제,일반(종합),생각 끝에서 찾아오는,이수학,Sep-21,Best Debut Short Film,이수학
2021,타고르 국제영화제,일반(종합),생각 끝에서 찾아오는,이수학,Jul-21,Short Film - Outstanding Achievement Award,이수학
2021,타고르 국제영화제,일반(종합),생각 끝에서 찾아오는,이수학,Jul-21,Debut Filmmaker - Outstanding Achievement Award,이수학
2021,타고르 국제영화제,일반(종합),생각 끝에서 찾아오는,이수학,Jul-21,Best Cinematography,유승현
2021,이스탄불 필름 어워즈,일반(종합),생각 끝에서 찾아오는,이수학,Sep-21,Short Film - Best First Time Director,이수학
2021,캘커타 국제컬트영화제,일반(종합),생각 끝에서 찾아오는,이수학,Monthly Selection : September-October 2021,BEST ACTRESS (Fiction) (Any Length) OUTSTANDING ACHIEVEMENT AWARD,주수정
2021,캘커타 국제컬트영화제,일반(종합),생각 끝에서 찾아오는,이수학,Monthly Selection : September-October 2021,DEBUT FILMMAKER OUTSTANDING ACHIEVEMENT AWARD,이수학
2021,캘커타 국제컬트영화제,일반(종합),생각 끝에서 찾아오는,이수학,Monthly Selection : September-October 2021,BEST CINEMATOGRAPHY,유승현
2021,캘커타 국제컬트영화제,일반(종합),생각 끝에서 찾아오는,이수학,Monthly Selection : September-October 2021,BEST DIRECTOR,이수학
2021,캘커타 국제컬트영화제,일반(종합),생각 끝에서 찾아오는,이수학,Monthly Selection : September-October 2021,SHORT FILMS OUTSTANDING ACHIEVEMENT AWARD,이수학
2021,캘커타 국제컬트영화제,일반(종합),생각 끝에서 찾아오는,이수학,Monthly Selection : September-October 2021,BEST SOUND DESIGNING OUTSTANDING ACHIEVEMENT AWARD,
2021,트와일라잇 도쿄영화제,일반(종합),생각 끝에서 찾아오는,이수학,The Month Of OCTOBER-2021,BEST DIRECTOR,이수학
2021,트와일라잇 도쿄영화제,일반(종합),생각 끝에서 찾아오는,이수학,The Month Of OCTOBER-2021,BEST CINEMATOGRAPHY,유승현
2021,트와일라잇 도쿄영화제,일반(종합),생각 끝에서 찾아오는,이수학,The Month Of OCTOBER-2021,DEBUT FILMMAKER Winner,이수학
2021,트와일라잇 도쿄영화제,일반(종합),생각 끝에서 찾아오는,이수학,The Month Of OCTOBER-2021,BEST SHORT FILM Winner,이수학
2021,트와일라잇 도쿄영화제,일반(종합),생각 끝에서 찾아오는,이수학,The Month Of OCTOBER-2021,BEST SOUND DESIGN Winner,
2021,트와일라잇 도쿄영화제,일반(종합),생각 끝에서 찾아오는,이수학,The Month Of OCTOBER-2021,BEST ACTRESS,김지경
2021,LA국제단편영화제,단편,높이뛰기,정수진,초청,,
2021,대한민국 대학영화제,일반(종합),스마일 클럽,최은우,경쟁 진출,,
2021,가치봄영화제,일반(종합),조지아,제이 박,경쟁,우수상,
2021,인천독립영화제 : inFilm,일반(종합),조지아,제이 박,일반경쟁,,
2021,목포국도1호선독립영화제,독립,조지아,제이 박,초청,,
2021,런던 동아시아 영화제,일반(종합),낫아웃,이정곤,,,
2021,목포국도1호선독립영화제,독립,문경이네 집,,,,
2021,쇼트쇼츠 영화제,단편,조지아,제이 박,아시아경쟁,최우수연기상,
2021,화백단편영화제,일반(종합),조지아,제이 박,초청,,
2021,KT 올레 TV 신진감독독립영화제,일반(종합),조지아,제이 박,,,
2021,무중력영화제,일반(종합),조지아,제이 박,경쟁,최우수상,
2021,합천수려한영화제,일반(종합),조지아,제이 박,단편경쟁,,
2021,불독국제영화제,일반(종합),조지아,제이 박,국내경쟁,심사위원특별언급,
2021,한중청년꿈키움단편영화제,일반(종합),조지아,제이 박,특별초청,,
2021,광명영화제,일반(종합),조지아,제이 박,단편경쟁,최우수상,
2021,송파청소년인권영화제,일반(종합),조지아,제이 박,경쟁,,
2021,피츠버그단편영화제,일반(종합),조지아,제이 박,경쟁,,
2021,다람살라국제영화제,일반(종합),조지아,제이 박,초청,,
2021,케임브리지영화제,일반(종합),조지아,제이 박,국제경쟁,,
2021,족자-넷팩아시안영화제,일반(종합),조지아,제이 박,국제경쟁,,
2021,포틀랜드 영화제,일반(종합),조지아,제이 박,극영화 단편경쟁,대상,
2021,괌 국제영화제,일반(종합),조지아,제이 박,단편경쟁,대상,
2021,도큐페스트,일반(종합),조지아,제이 박,경쟁,,
